Time,Address,Temperature,Pressure,Humidity,Dew,Voltage,RSSI
00:01:01,01,65.03,30.07,61.78,57.386,91.10,089
00:01:04,02,60.87,30.11,86.24,58.117999999999995,93.60,095
00:02:40,01,64.99,30.07,62.21,57.431999999999995,91.10,085
00:02:42,02,60.84,30.11,86.20,58.080000000000005,93.60,094
00:04:18,02,60.84,30.11,86.16,58.072,93.60,094
00:04:20,01,64.99,30.07,61.84,57.358,91.10,085
00:04:24,00,67.10,30.10,62.32,59.56399999999999,90.80,061
00:05:55,02,60.84,30.11,86.36,58.112,93.60,095
00:06:00,01,64.98,30.07,62.34,57.44800000000001,91.10,076
00:06:06,00,67.08,30.10,62.28,59.536,90.80,060
00:07:31,02,60.84,30.11,86.55,58.150000000000006,93.60,094
00:07:39,01,64.96,30.07,62.34,57.428,91.10,076
00:07:48,00,67.06,30.10,62.24,59.508,90.80,060
00:09:08,02,60.84,30.11,86.50,58.14,93.60,096
00:09:19,01,64.96,30.07,62.90,57.53999999999999,91.10,076
00:09:31,00,67.05,30.10,62.16,59.482,90.80,061
00:10:45,02,60.82,30.11,86.69,58.158,93.60,096
00:10:59,01,64.92,30.07,62.65,57.45,91.00,076
00:11:13,00,67.01,30.10,62.13,59.43600000000001,90.80,061
00:12:21,02,60.82,30.11,86.77,58.174,93.60,096
00:12:38,01,64.94,30.07,63.29,57.598,91.10,077
00:12:55,00,66.97,30.10,62.14,59.397999999999996,90.80,061
00:13:58,02,60.82,30.11,86.82,58.184,93.60,096
00:14:18,01,64.92,30.07,62.87,57.494,91.10,076
00:14:37,00,66.97,30.10,62.14,59.397999999999996,90.80,061
00:15:35,02,60.82,30.11,86.85,58.19,93.60,095
00:15:58,01,64.92,30.07,62.56,57.432,91.10,076
00:16:20,00,66.92,30.10,62.01,59.322,90.80,061
00:17:11,02,60.80,30.11,86.95,58.19,93.60,096
00:17:37,01,64.90,30.07,62.21,57.342000000000006,91.10,076
00:18:02,00,66.90,30.10,62.03,59.306000000000004,90.80,061
00:18:48,02,60.80,30.11,86.91,58.181999999999995,93.60,094
00:19:17,01,64.90,30.07,62.11,57.322,91.10,076
00:19:44,00,66.88,30.10,62.01,59.282,90.80,061
00:20:25,02,60.80,30.11,87.10,58.22,93.60,095
00:20:57,01,64.89,30.07,61.87,57.264,91.10,076
00:21:26,00,66.85,30.10,61.97,59.24399999999999,90.80,061
00:22:02,02,60.80,30.11,87.15,58.23,93.60,095
00:22:36,01,64.87,30.07,62.50,57.370000000000005,91.10,076
00:23:08,00,66.83,30.10,61.88,59.205999999999996,90.80,061
00:23:38,02,60.80,30.11,87.16,58.232,93.60,095
00:24:16,01,64.87,30.07,62.89,57.44800000000001,91.10,076
00:24:51,00,66.81,30.10,61.87,59.184000000000005,90.80,062
00:25:15,02,60.80,30.11,87.08,58.215999999999994,93.60,095
00:25:56,01,64.87,30.07,61.81,57.232000000000006,91.10,076
00:26:33,00,66.79,30.10,61.85,59.160000000000004,90.80,061
00:26:52,02,60.78,30.11,87.12,58.204,93.60,095
00:27:36,01,64.83,30.07,62.06,57.242,91.10,076
00:28:15,00,66.78,30.10,61.79,59.138,90.80,061
00:28:28,02,60.78,30.11,87.13,58.206,93.70,096
00:29:15,01,64.83,30.07,62.66,57.361999999999995,91.10,076
00:29:57,00,66.76,30.10,61.77,59.114000000000004,90.90,061
00:30:05,02,60.76,30.11,87.06,58.172,93.60,095
00:30:55,01,64.81,30.07,62.70,57.35,91.10,076
00:31:40,00,66.72,30.10,61.73,59.065999999999995,90.80,061
00:31:42,02,60.75,30.11,87.17,58.184,93.60,095
00:32:35,01,64.81,30.07,62.77,57.364000000000004,91.10,077
00:33:19,02,60.75,30.11,87.20,58.19,93.60,095
00:33:22,00,66.69,30.10,61.72,59.034,90.80,061
00:34:14,01,64.80,30.07,62.01,57.202,91.10,076
00:34:55,02,60.75,30.11,87.23,58.196,93.60,095
00:35:04,00,66.67,30.10,61.71,59.012,90.80,061
00:35:54,01,64.80,30.07,62.54,57.308,91.10,077
00:36:32,02,60.75,30.11,87.15,58.18,93.60,095
00:36:46,00,66.63,30.10,61.71,58.971999999999994,90.80,061
00:37:34,01,64.78,30.07,61.80,57.14,91.10,076
00:38:09,02,60.75,30.11,87.25,58.2,93.60,096
00:38:29,00,66.61,30.10,61.76,58.961999999999996,90.80,061
00:39:13,01,64.78,30.07,61.93,57.166000000000004,91.10,076
00:39:45,02,60.76,30.11,87.31,58.222,93.70,094
00:40:11,00,66.60,30.10,61.73,58.94599999999999,90.80,061
00:40:53,01,64.76,30.07,62.16,57.19200000000001,91.10,077
00:41:22,02,60.75,30.11,87.22,58.194,93.60,095
00:41:53,00,66.58,30.10,61.72,58.924,90.80,061
00:42:33,01,64.76,30.07,63.34,57.428000000000004,91.10,076
00:42:59,02,60.75,30.11,87.33,58.216,93.60,095
00:43:35,00,66.54,30.10,61.68,58.876000000000005,90.80,061
00:44:12,01,64.74,30.07,62.79,57.297999999999995,91.10,077
00:44:36,02,60.76,30.11,87.31,58.222,93.60,095
00:45:18,00,66.52,30.10,61.70,58.86,90.90,062
00:45:52,01,64.74,30.07,62.82,57.303999999999995,91.10,076
00:46:12,02,60.76,30.11,87.31,58.222,93.60,095
00:47:00,00,66.54,30.10,61.58,58.85600000000001,90.80,062
00:47:32,01,64.74,30.07,63.09,57.358,91.10,077
00:47:49,02,60.78,30.11,87.49,58.278,93.60,095
00:48:42,00,66.51,30.10,61.71,58.852000000000004,90.80,062
00:49:11,01,64.72,30.07,63.28,57.376,91.10,077
00:49:26,02,60.80,30.11,87.46,58.291999999999994,93.60,095
00:50:24,00,66.47,30.10,61.63,58.796,90.80,062
00:50:51,01,64.71,30.07,62.40,57.18999999999999,91.10,077
00:51:02,02,60.82,30.11,87.42,58.304,93.60,094
00:52:07,00,66.45,30.10,61.71,58.792,90.80,063
00:52:31,01,64.71,30.07,61.96,57.102,91.10,077
00:52:39,02,60.85,30.11,87.50,58.35,93.60,096
00:53:49,00,66.43,30.10,61.67,58.76400000000001,90.80,061
00:54:10,01,64.71,30.07,62.23,57.15599999999999,91.10,077
00:54:16,02,60.89,30.11,87.65,58.42,93.60,096
00:55:31,00,66.42,30.10,61.62,58.744,90.80,062
00:55:50,01,64.69,30.07,62.71,57.232,91.00,077
00:55:53,02,60.93,30.11,87.68,58.466,93.60,096
00:57:13,00,66.38,30.10,61.57,58.693999999999996,90.80,061
00:57:29,02,60.94,30.11,87.54,58.448,93.60,095
00:57:30,01,64.67,30.07,62.55,57.18,91.10,077
00:58:56,00,66.34,30.10,61.62,58.664,90.80,060
00:59:06,02,61.00,30.11,87.54,58.508,93.60,096
00:59:09,01,64.67,30.07,63.09,57.288000000000004,91.10,077
01:00:38,00,66.31,30.10,61.56,58.622,90.80,062
01:00:43,02,61.03,30.11,87.52,58.534,93.60,095
01:00:49,01,64.65,30.07,62.57,57.16400000000001,91.10,076
01:02:19,02,61.07,30.10,87.50,58.57,93.60,095
01:02:21,00,66.27,30.09,61.63,58.596,90.80,061
01:02:29,01,64.65,30.07,62.52,57.154,91.10,077
01:03:56,02,61.12,30.11,87.45,58.61,93.60,096
01:04:02,00,66.27,30.10,61.70,58.61,90.80,061
01:04:09,01,64.63,30.07,62.70,57.169999999999995,91.10,077
01:05:33,02,61.16,30.11,87.37,58.634,93.60,095
01:05:45,00,66.24,30.09,61.67,58.574,90.80,062
01:05:48,01,64.62,30.07,63.07,57.234,91.00,077
01:07:10,02,61.20,30.10,87.20,58.64,93.60,096
01:07:27,00,66.20,30.09,61.70,58.540000000000006,90.80,062
01:07:28,01,64.60,30.07,63.00,57.199999999999996,91.10,077
01:08:46,02,61.23,30.10,87.13,58.656,93.60,096
01:09:08,01,64.60,30.07,62.94,57.187999999999995,91.10,076
01:09:09,00,66.20,30.09,61.69,58.538000000000004,90.90,061
01:10:23,02,61.29,30.10,86.99,58.687999999999995,93.60,095
01:10:47,01,64.60,30.07,62.88,57.175999999999995,91.10,077
01:10:51,00,66.18,30.09,61.72,58.52400000000001,90.80,062
01:12:00,02,61.32,30.10,86.86,58.692,93.60,094
01:12:27,01,64.58,30.07,63.28,57.236,91.10,077
01:12:34,00,66.18,30.09,61.67,58.51400000000001,90.90,062
01:13:36,02,61.36,30.10,86.84,58.728,93.60,096
01:14:07,01,64.60,30.07,62.99,57.19799999999999,91.00,076
01:14:16,00,66.15,30.09,61.65,58.480000000000004,90.80,062
01:15:13,02,61.39,30.10,86.53,58.696,93.60,094
01:15:46,01,64.58,30.07,62.48,57.076,91.10,077
01:15:58,00,66.15,30.09,61.62,58.474000000000004,90.80,062
01:16:50,02,61.41,30.10,86.36,58.681999999999995,93.60,095
01:17:26,01,64.56,30.07,63.17,57.194,91.10,077
01:17:40,00,66.11,30.09,61.74,58.458,90.80,062
01:18:27,02,61.45,30.10,86.30,58.71,93.60,094
01:19:06,01,64.56,30.07,63.37,57.234,91.10,077
01:19:22,00,66.11,30.09,61.73,58.455999999999996,90.80,062
01:20:03,02,61.48,30.10,86.12,58.704,93.60,095
01:20:45,01,64.56,30.07,63.26,57.212,91.10,077
01:21:05,00,66.07,30.09,61.62,58.39399999999999,90.80,061
01:22:25,01,64.54,30.07,63.73,57.28600000000001,91.10,077
01:22:47,00,66.07,30.09,61.62,58.39399999999999,90.80,062
01:23:17,02,61.48,30.10,85.92,58.663999999999994,93.60,096
01:24:05,01,64.54,30.07,63.39,57.218,91.10,077
01:24:29,00,66.06,30.09,61.70,58.400000000000006,90.80,062
01:24:53,02,61.50,30.10,85.84,58.668,93.60,095
01:25:44,01,64.53,30.07,63.39,57.208,91.00,077
01:26:11,00,66.04,30.09,61.76,58.392,90.80,062
01:26:30,02,61.52,30.10,85.74,58.668,93.60,095
01:27:24,01,64.54,30.07,63.73,57.28600000000001,91.10,077
01:27:54,00,66.02,30.09,61.74,58.367999999999995,90.80,062
01:28:07,02,61.50,30.10,85.48,58.596000000000004,93.60,095
01:29:04,01,64.53,30.06,63.04,57.138,91.00,077
01:29:36,00,66.02,30.09,61.65,58.349999999999994,90.80,063
01:29:44,02,61.50,30.10,85.31,58.562,93.60,095
01:30:43,01,64.53,30.07,63.62,57.254,91.00,077
01:31:18,00,66.00,30.09,61.75,58.35,90.80,062
01:31:20,02,61.48,30.10,85.32,58.544,93.60,096
01:32:23,01,64.53,30.07,63.69,57.268,91.10,077
01:32:57,02,61.45,30.10,85.13,58.476,93.60,095
01:33:00,00,65.98,30.09,61.78,58.336000000000006,90.80,061
01:34:03,01,64.51,30.06,63.15,57.14000000000001,91.10,077
01:34:34,02,61.45,30.10,85.02,58.454,93.60,095
01:34:43,00,65.97,30.09,61.75,58.32,90.80,062
01:35:42,01,64.51,30.06,63.63,57.236000000000004,91.10,077
01:36:10,02,61.43,30.10,85.19,58.467999999999996,93.60,096
01:36:25,00,65.97,30.09,61.62,58.294,90.80,061
01:37:22,01,64.51,30.06,63.62,57.234,91.10,077
01:37:47,02,61.41,30.10,85.02,58.413999999999994,93.60,096
01:38:07,00,65.95,30.09,61.76,58.302,90.80,061
01:39:02,01,64.49,30.06,63.42,57.17399999999999,91.10,077
01:39:24,02,61.38,30.10,84.92,58.364000000000004,93.60,095
01:39:49,00,65.93,30.09,61.77,58.284000000000006,90.80,061
01:40:41,01,64.49,30.06,63.15,57.12,91.10,077
01:41:01,02,61.36,30.10,85.07,58.373999999999995,93.60,095
01:41:31,00,65.91,30.09,61.67,58.244,90.80,062
01:42:21,01,64.49,30.06,63.37,57.163999999999994,91.10,077
01:42:37,02,61.32,30.10,85.13,58.346,93.60,096
01:43:14,00,65.89,30.09,61.75,58.24,90.80,061
01:44:01,01,64.47,30.06,63.50,57.17,91.00,077
01:44:14,02,61.32,30.10,85.17,58.354,93.60,096
01:44:56,00,65.89,30.09,61.75,58.24,90.80,061
01:45:40,01,64.47,30.06,63.65,57.199999999999996,91.10,077
01:45:51,02,61.32,30.10,85.11,58.342,93.60,095
01:46:38,00,65.89,30.09,61.69,58.228,90.80,062
01:47:20,01,64.47,30.06,63.64,57.198,91.10,077
01:47:28,02,61.32,30.10,84.99,58.318,93.60,095
01:48:20,00,65.88,30.09,61.73,58.22599999999999,90.80,062
01:49:00,01,64.47,30.06,63.34,57.138,91.10,077
01:49:04,02,61.34,30.10,85.21,58.382000000000005,93.60,095
01:50:03,00,65.88,30.09,61.73,58.22599999999999,90.80,062
01:50:39,01,64.47,30.06,63.28,57.126,91.10,077
01:50:41,02,61.36,30.10,85.04,58.368,93.50,095
01:51:45,00,65.86,30.09,61.71,58.202,90.80,062
01:52:18,02,61.39,30.10,85.00,58.39,93.60,095
01:52:19,01,64.47,30.07,63.47,57.164,91.10,077
01:53:27,00,65.86,30.09,61.72,58.204,90.80,062
01:53:54,02,61.41,30.10,84.86,58.382,93.60,095
01:53:59,01,64.45,30.07,63.77,57.204,91.10,077
01:55:09,00,65.84,30.09,61.71,58.182,90.80,062
01:55:31,02,61.43,30.10,84.84,58.398,93.60,095
01:55:38,01,64.45,30.07,63.12,57.074000000000005,91.10,077
01:56:51,00,65.82,30.09,61.71,58.16199999999999,90.80,062
01:57:08,02,61.43,30.10,84.66,58.362,93.60,096
01:57:18,01,64.44,30.06,63.54,57.147999999999996,91.10,077
01:58:34,00,65.82,30.09,61.67,58.153999999999996,90.80,063
01:58:45,02,61.41,30.10,84.54,58.318,93.60,095
01:58:58,01,64.42,30.06,63.03,57.026,91.00,077
02:00:16,00,65.80,30.09,61.76,58.151999999999994,90.80,061
02:00:21,02,61.43,30.10,84.51,58.332,93.60,096
02:00:38,01,64.40,30.06,63.74,57.148,91.00,077
02:01:58,02,61.45,30.10,84.38,58.326,93.60,096
02:01:59,00,65.80,30.09,61.68,58.135999999999996,90.80,063
02:02:17,01,64.40,30.06,63.97,57.194,91.10,077
02:03:35,02,61.47,30.10,84.40,58.35,93.60,095
02:03:40,00,65.79,30.09,61.71,58.132000000000005,90.80,061
02:03:57,01,64.38,30.06,63.79,57.138,91.10,078
02:05:11,02,61.50,30.09,84.32,58.364,93.60,095
02:05:23,00,65.77,30.09,61.75,58.12,90.80,062
02:05:37,01,64.38,30.06,63.62,57.10399999999999,91.10,077
02:06:48,02,61.56,30.09,84.21,58.402,93.60,095
02:07:05,00,65.77,30.09,61.78,58.126,90.80,061
02:07:16,01,64.36,30.06,64.32,57.224,91.00,077
02:08:25,02,61.61,30.09,84.01,58.412,93.60,095
02:08:47,00,65.75,30.08,61.80,58.11,90.80,062
02:08:56,01,64.36,30.06,63.54,57.068,91.10,077
02:10:02,02,61.65,30.09,83.90,58.43,93.60,095
02:10:29,00,65.75,30.08,61.81,58.112,90.80,062
02:10:36,01,64.35,30.06,63.20,56.989999999999995,91.00,077
02:11:38,02,61.65,30.09,83.79,58.408,93.60,096
02:12:12,00,65.73,30.09,61.81,58.092000000000006,90.80,061
02:12:15,01,64.35,30.06,65.33,57.416,91.10,077
02:13:15,02,61.66,30.09,83.72,58.403999999999996,93.60,095
02:13:54,00,65.73,30.09,61.87,58.104000000000006,90.80,062
02:13:55,01,64.33,30.06,64.35,57.199999999999996,91.10,077
02:14:52,02,61.66,30.10,83.61,58.382,93.60,095
02:15:35,01,64.31,30.06,65.40,57.39,91.10,076
02:15:36,00,65.70,30.09,61.92,58.084,90.80,062
02:16:29,02,61.63,30.10,83.50,58.330000000000005,93.50,095
02:17:14,01,64.29,30.06,65.42,57.37400000000001,91.10,077
02:17:18,00,65.71,30.09,61.95,58.099999999999994,90.80,062
02:18:05,02,61.59,30.10,83.54,58.298,93.60,093
02:18:54,01,64.27,30.06,65.77,57.42399999999999,91.10,077
02:19:00,00,65.71,30.09,61.99,58.108,90.80,061
02:19:42,02,61.56,30.10,83.54,58.268,93.60,095
02:20:34,01,64.26,30.06,65.61,57.382000000000005,91.10,078
02:20:43,00,65.70,30.09,61.86,58.072,90.80,062
02:21:19,02,61.56,30.10,83.61,58.282000000000004,93.60,095
02:22:13,01,64.24,30.06,66.27,57.49399999999999,91.10,077
02:22:25,00,65.70,30.09,62.01,58.102000000000004,90.80,062
02:22:55,02,61.57,30.10,83.63,58.296,93.60,095
02:23:53,01,64.20,30.07,66.43,57.486000000000004,91.00,077
02:24:07,00,65.68,30.09,62.04,58.08800000000001,90.80,061
02:24:32,02,61.57,30.10,83.47,58.264,93.60,096
02:25:33,01,64.17,30.06,66.44,57.458,91.10,078
02:25:49,00,65.66,30.09,62.32,58.123999999999995,90.80,063
02:26:09,02,61.52,30.10,83.94,58.308,93.50,096
02:27:12,01,64.17,30.06,66.62,57.494,91.10,077
02:27:32,00,65.66,30.08,62.13,58.086,90.80,061
02:27:46,02,61.54,30.10,84.27,58.394,93.50,096
02:28:52,01,64.13,30.06,67.25,57.58,91.10,077
02:29:14,00,65.64,30.08,62.42,58.124,90.80,063
02:29:22,02,61.57,30.10,85.32,58.634,93.50,096
02:30:32,01,64.11,30.06,67.37,57.584,91.10,076
02:30:56,00,65.64,30.08,62.53,58.146,90.80,062
02:30:59,02,61.66,30.10,86.88,59.035999999999994,93.60,095
02:32:11,01,64.09,30.06,68.33,57.756,91.10,078
02:32:36,02,61.74,30.10,86.81,59.102000000000004,93.50,095
02:32:38,00,65.64,30.09,62.79,58.198,90.80,062
02:33:51,01,64.08,30.06,68.85,57.849999999999994,91.10,077
02:34:13,02,61.72,30.09,86.40,59.0,93.50,095
02:34:20,00,65.62,30.08,62.50,58.120000000000005,90.80,061
02:35:31,01,64.06,30.06,68.66,57.792,91.10,078
02:35:49,02,61.61,30.09,85.90,58.79,93.50,094
02:36:03,00,65.61,30.08,62.59,58.128,90.70,062
02:37:10,01,64.04,30.06,68.04,57.64800000000001,91.00,077
02:37:26,02,61.45,30.09,85.91,58.632000000000005,93.60,096
02:37:45,00,65.61,30.08,62.85,58.18,90.70,062
02:38:50,01,64.02,30.05,68.63,57.745999999999995,91.00,076
02:39:03,02,61.36,30.09,86.22,58.604,93.60,094
02:39:27,00,65.61,30.08,62.65,58.14,90.80,062
02:40:30,01,63.99,30.06,69.18,57.826,91.10,076
02:40:39,02,61.39,30.09,87.09,58.808,93.50,095
02:41:09,00,65.61,30.08,62.82,58.174,90.80,062
02:42:09,01,63.97,30.06,69.42,57.854,91.10,078
02:42:16,02,61.48,30.11,86.87,58.854,93.60,096
02:42:52,00,65.61,30.08,63.21,58.252,90.80,062
02:43:49,01,63.95,30.06,69.49,57.848,91.00,077
02:43:53,02,61.52,30.09,86.58,58.836000000000006,93.60,094
02:44:34,00,65.59,30.08,62.94,58.178000000000004,90.80,061
02:45:29,01,63.91,30.06,69.73,57.855999999999995,91.00,077
02:45:30,02,61.50,30.09,86.33,58.766,93.50,095
02:46:16,00,65.59,30.08,63.29,58.248000000000005,90.80,062
02:47:06,02,61.50,30.09,86.15,58.730000000000004,93.50,096
02:47:08,01,63.91,30.05,69.31,57.772,91.10,077
02:47:58,00,65.57,30.08,63.45,58.25999999999999,90.80,062
02:48:48,01,63.90,30.06,69.57,57.814,91.10,076
02:49:40,00,65.59,30.08,63.47,58.284000000000006,90.80,063
02:50:20,02,61.68,30.09,86.76,59.032000000000004,93.50,095
02:50:28,01,63.88,30.06,70.14,57.908,91.10,077
02:51:23,00,65.59,30.08,63.26,58.242000000000004,90.80,061
02:51:57,02,61.83,30.09,86.39,59.108,93.50,095
02:52:07,01,63.86,30.06,70.25,57.91,91.00,076
02:53:05,00,65.61,30.08,63.55,58.32,90.80,063
02:53:33,02,61.93,30.09,86.22,59.174,93.50,096
02:53:47,01,63.86,30.06,70.30,57.92,91.10,077
02:54:47,00,65.61,30.08,63.57,58.324,90.80,061
02:55:10,02,62.01,30.09,85.85,59.18,93.50,095
02:55:27,01,63.84,30.06,70.46,57.932,91.00,077
02:56:29,00,65.61,30.08,63.60,58.33,90.80,061
02:56:47,02,62.04,30.09,85.90,59.22,93.50,096
02:57:06,01,63.84,30.06,70.29,57.898,91.00,075
02:58:12,00,65.61,30.08,64.07,58.424,90.80,062
02:58:23,02,62.06,30.09,85.45,59.150000000000006,93.50,095
02:58:46,01,63.84,30.06,70.17,57.874,91.00,077
02:59:54,00,65.62,30.08,64.03,58.426,90.80,061
03:00:00,02,62.01,30.09,85.30,59.07,93.50,095
03:00:26,01,63.84,30.06,70.06,57.852000000000004,91.00,077
03:01:36,00,65.62,30.08,64.61,58.542,90.80,062
03:01:37,02,61.97,30.09,85.47,59.064,93.50,095
03:02:05,01,63.84,30.05,69.82,57.804,91.00,077
03:03:14,02,61.95,30.09,85.38,59.026,93.50,095
03:03:18,00,65.62,30.08,64.27,58.474000000000004,90.70,061
03:03:45,01,63.82,30.05,69.85,57.79,91.10,077
03:04:50,02,61.93,30.09,85.34,58.998,93.50,095
03:05:00,00,65.62,30.08,64.17,58.45400000000001,90.80,061
03:05:25,01,63.82,30.05,69.97,57.814,91.10,077
03:06:27,02,61.90,30.09,85.32,58.964,93.50,096
03:06:43,00,65.62,30.08,64.87,58.59400000000001,90.80,062
03:07:04,01,63.81,30.05,69.74,57.758,91.00,077
03:08:04,02,61.86,30.09,85.33,58.926,93.50,095
03:08:25,00,65.62,30.08,64.53,58.526,90.80,062
03:08:44,01,63.81,30.05,69.69,57.748000000000005,91.00,077
03:09:41,02,61.88,30.09,85.46,58.972,93.50,095
03:10:07,00,65.62,30.07,64.43,58.50600000000001,90.80,061
03:10:24,01,63.81,30.05,69.83,57.776,91.00,077
03:11:17,02,61.92,30.08,86.10,59.14,93.50,095
03:11:49,00,65.64,30.07,64.30,58.5,90.80,061
03:12:03,01,63.79,30.05,70.24,57.838,91.00,076
03:12:54,02,62.02,30.09,86.38,59.296,93.50,095
03:13:32,00,65.64,30.07,64.41,58.522,90.80,062
03:13:43,01,63.79,30.05,70.78,57.946,91.10,077
03:14:31,02,62.26,30.08,87.19,59.698,93.50,095
03:15:14,00,65.64,30.07,64.28,58.496,90.80,061
03:15:23,01,63.79,30.05,70.85,57.96,91.00,077
03:16:08,02,62.40,30.09,88.85,60.169999999999995,93.50,096
03:16:56,00,65.66,30.07,64.56,58.571999999999996,90.80,062
03:17:02,01,63.81,30.05,71.61,58.132000000000005,91.00,076
03:17:44,02,62.38,30.09,89.51,60.282000000000004,93.50,095
03:18:38,00,65.66,30.07,64.33,58.525999999999996,90.80,062
03:18:42,01,63.81,30.05,71.96,58.202,91.00,076
03:19:21,02,62.33,30.08,90.58,60.446,93.40,095
03:20:20,00,65.64,30.07,64.30,58.5,90.80,062
03:20:22,01,63.82,30.05,72.60,58.339999999999996,91.00,076
03:20:58,02,62.31,30.08,90.21,60.352000000000004,93.50,094
03:22:01,01,63.84,30.05,71.72,58.184000000000005,91.00,076
03:22:03,00,65.66,30.07,64.54,58.568,90.70,061
03:22:35,02,62.31,30.08,89.58,60.226,93.50,095
03:23:41,01,63.88,30.05,72.14,58.308,91.00,076
03:23:45,00,65.68,30.07,65.30,58.74000000000001,90.70,062
03:24:11,02,62.33,30.08,89.35,60.199999999999996,93.50,095
03:25:21,01,63.86,30.04,72.66,58.391999999999996,91.10,077
03:25:27,00,65.68,30.07,64.81,58.64200000000001,90.80,061
03:25:48,02,62.42,30.07,88.59,60.138000000000005,93.50,094
03:27:00,01,63.88,30.05,72.75,58.43,91.00,076
03:27:09,00,65.68,30.07,65.07,58.694,90.80,062
03:27:25,02,62.55,30.09,87.20,59.989999999999995,93.40,094
03:28:40,01,63.88,30.05,72.48,58.376000000000005,91.00,076
03:28:52,00,65.68,30.07,64.95,58.67000000000001,90.70,062
03:29:01,02,62.71,30.08,86.32,59.974,93.50,093
03:30:20,01,63.90,30.05,72.28,58.356,91.00,076
03:30:34,00,65.68,30.07,64.74,58.62800000000001,90.80,062
03:30:38,02,62.91,30.08,85.74,60.05799999999999,93.50,095
03:31:59,01,63.91,30.05,72.26,58.361999999999995,91.00,076
03:32:15,02,63.05,30.08,85.71,60.19199999999999,93.50,095
03:32:16,00,65.68,30.07,65.29,58.73800000000001,90.70,062
03:33:39,01,63.95,30.05,72.67,58.484,91.00,077
03:33:52,02,63.46,30.08,86.18,60.696000000000005,93.50,095
03:33:58,00,65.70,30.07,65.09,58.718,90.80,062
03:35:18,01,63.97,30.05,73.16,58.602,91.00,076
03:35:28,02,63.86,30.08,85.35,60.93,93.50,095
03:35:40,00,65.68,30.07,65.43,58.766000000000005,90.80,061
03:36:58,01,64.04,30.05,72.98,58.63600000000001,91.00,077
03:37:05,02,63.99,30.08,84.52,60.894,93.40,093
03:37:23,00,65.68,30.07,65.39,58.75800000000001,90.70,062
03:38:38,01,64.08,30.04,72.77,58.634,91.00,076
03:38:42,02,63.93,30.08,83.35,60.6,93.50,095
03:39:05,00,65.68,30.07,65.75,58.830000000000005,90.80,061
03:40:17,01,64.11,30.04,72.79,58.668,91.10,076
03:40:19,02,64.17,30.08,83.53,60.876000000000005,93.50,095
03:40:47,00,65.68,30.07,65.84,58.848000000000006,90.70,061
03:41:56,02,64.51,30.08,82.95,61.10000000000001,93.50,095
03:41:57,01,64.15,30.05,72.65,58.68000000000001,91.00,076
03:42:29,00,65.70,30.07,65.83,58.866,90.80,061
03:43:32,02,64.83,30.08,82.55,61.339999999999996,93.50,094
03:43:37,01,64.20,30.05,72.72,58.744,91.00,076
03:44:12,00,65.70,30.07,65.95,58.89,90.70,062
03:45:09,02,65.08,30.08,82.24,61.528,93.40,097
03:45:16,01,64.26,30.04,72.34,58.72800000000001,91.10,077
03:45:54,00,65.68,30.07,66.14,58.90800000000001,90.80,062
03:46:46,02,65.19,30.08,81.92,61.574,93.30,096
03:46:56,01,64.31,30.05,72.15,58.74,91.10,076
03:47:36,00,65.70,30.07,66.07,58.914,90.70,062
03:48:23,02,65.23,30.08,81.69,61.568000000000005,93.40,097
03:48:36,01,64.33,30.05,71.87,58.704,91.00,077
03:49:18,00,65.71,30.07,66.38,58.98599999999999,90.70,062
03:50:00,02,65.19,30.09,81.47,61.483999999999995,93.40,096
03:50:15,01,64.36,30.05,71.19,58.598,91.10,076
03:51:00,00,65.73,30.08,67.16,59.162000000000006,90.80,061
03:51:36,02,65.08,30.08,81.26,61.332,93.40,097
03:51:55,01,64.38,30.05,71.90,58.76,91.10,076
03:52:43,00,65.75,30.08,66.73,59.096000000000004,90.80,062
03:53:13,02,64.98,30.08,81.25,61.230000000000004,93.40,093
03:53:35,01,64.40,30.05,71.48,58.696000000000005,91.10,076
03:54:25,00,65.77,30.07,67.51,59.272,90.80,062
03:54:50,02,64.89,30.08,81.74,61.238,93.40,095
03:55:14,01,64.40,30.05,71.19,58.638000000000005,91.10,076
03:56:07,00,65.79,30.07,67.35,59.260000000000005,90.80,062
03:56:27,02,64.78,30.08,82.01,61.182,93.40,096
03:56:54,01,64.42,30.05,71.03,58.626000000000005,91.00,077
03:57:49,00,65.80,30.07,67.62,59.324,90.80,062
03:58:04,02,64.69,30.08,82.28,61.146,93.40,096
03:58:34,01,64.44,30.05,70.82,58.604,91.00,077
03:59:32,00,65.82,30.07,67.21,59.26199999999999,90.80,062
03:59:40,02,64.56,30.09,82.49,61.058,93.40,096
04:00:13,01,64.44,30.05,71.15,58.67,91.10,077
04:01:14,00,65.84,30.07,67.57,59.354,90.80,062
04:01:17,02,64.47,30.08,82.60,60.989999999999995,93.40,095
04:01:53,01,64.45,30.05,71.52,58.754000000000005,91.00,076
04:02:54,02,64.38,30.08,82.78,60.93599999999999,93.40,094
04:02:56,00,65.86,30.08,67.28,59.316,90.80,062
04:03:33,01,64.47,30.05,71.39,58.748,91.00,078
04:04:31,02,64.29,30.09,82.99,60.888000000000005,93.40,096
04:04:38,00,65.88,30.07,67.45,59.37,90.70,062
04:05:12,01,64.49,30.05,70.39,58.568,91.00,077
04:06:08,02,64.22,30.09,83.18,60.856,93.40,096
04:06:21,00,65.88,30.08,67.16,59.312,90.80,061
04:06:52,01,64.49,30.05,71.01,58.69199999999999,91.00,076
04:07:44,02,64.17,30.08,83.17,60.804,93.50,095
04:08:03,00,65.88,30.08,67.67,59.413999999999994,90.80,061
04:08:32,01,64.49,30.05,71.42,58.773999999999994,91.00,077
04:09:21,02,64.09,30.08,83.20,60.730000000000004,93.40,095
04:09:45,00,65.89,30.08,66.81,59.252,90.70,061
04:10:11,01,64.51,30.05,71.32,58.774,91.00,076
04:10:58,02,64.02,30.08,83.13,60.645999999999994,93.50,095
04:11:27,00,65.89,30.07,67.21,59.332,90.80,062
04:11:51,01,64.51,30.05,71.00,58.71000000000001,91.00,077
04:12:35,02,63.93,30.08,83.03,60.536,93.40,096
04:13:09,00,65.91,30.07,67.28,59.366,90.70,062
04:13:31,01,64.51,30.05,70.71,58.652,91.00,076
04:14:11,02,63.86,30.08,83.12,60.484,93.50,097
04:14:52,00,65.93,30.07,67.42,59.41400000000001,90.80,062
04:15:11,01,64.53,30.05,70.49,58.628,91.00,077
04:15:48,02,63.79,30.08,83.13,60.416,93.40,096
04:16:34,00,65.97,30.07,67.66,59.501999999999995,90.80,062
04:16:50,01,64.53,30.05,70.52,58.634,91.00,077
04:17:25,02,63.73,30.08,83.03,60.336,93.40,096
04:18:16,00,65.98,30.07,67.32,59.444,90.70,062
04:18:30,01,64.54,30.05,70.29,58.598000000000006,91.00,077
04:19:02,02,63.70,30.09,83.08,60.316,93.50,095
04:19:58,00,65.98,30.08,67.54,59.48800000000001,90.70,062
04:20:10,01,64.54,30.05,70.30,58.60000000000001,91.00,076
04:20:39,02,63.68,30.08,83.12,60.304,93.50,095
04:21:41,00,66.00,30.07,67.02,59.403999999999996,90.70,062
04:21:49,01,64.53,30.05,70.31,58.592,91.00,077
04:22:15,02,63.64,30.08,83.05,60.25,93.50,096
04:23:23,00,66.00,30.07,66.92,59.384,90.70,063
04:23:29,01,64.53,30.05,70.19,58.568,91.00,078
04:23:52,02,63.59,30.08,82.95,60.18000000000001,93.40,095
04:25:05,00,66.02,30.07,67.88,59.596,90.80,061
04:25:09,01,64.53,30.05,69.86,58.502,91.00,076
04:25:29,02,63.55,30.08,82.94,60.138,93.40,095
04:26:47,00,66.02,30.07,66.27,59.273999999999994,90.70,061
04:26:49,01,64.54,30.05,69.66,58.47200000000001,91.10,077
04:27:06,02,63.48,30.08,83.16,60.111999999999995,93.50,096
04:28:28,01,64.53,30.05,70.00,58.53,91.00,077
04:28:30,00,66.00,30.07,66.18,59.236000000000004,90.70,062
04:28:43,02,63.41,30.08,83.17,60.044,93.50,096
04:30:08,01,64.53,30.05,69.93,58.516000000000005,91.00,077
04:30:12,00,66.00,30.07,66.44,59.288,90.80,062
04:30:19,02,63.36,30.08,83.48,60.056,93.50,096
04:31:47,01,64.53,30.05,69.90,58.510000000000005,91.00,077
04:31:54,00,66.00,30.07,66.34,59.268,90.80,062
04:31:56,02,63.32,30.08,83.64,60.048,93.40,096
04:33:27,01,64.53,30.05,69.77,58.484,91.00,077
04:33:33,02,63.30,30.08,83.63,60.025999999999996,93.50,096
04:33:36,00,66.00,30.07,66.59,59.318,90.70,062
04:35:07,01,64.51,30.05,69.98,58.50600000000001,91.10,077
04:35:10,02,63.30,30.08,83.54,60.007999999999996,93.50,095
04:35:19,00,66.00,30.08,66.64,59.328,90.70,063
04:36:46,01,64.51,30.05,70.07,58.524,91.00,078
04:36:48,02,63.30,30.08,83.51,60.001999999999995,93.50,096
04:37:01,00,66.00,30.07,66.50,59.3,90.70,062
04:38:23,02,63.28,30.08,83.36,59.952,93.50,096
04:38:26,01,64.49,30.05,70.02,58.49399999999999,91.00,077
04:38:43,00,66.00,30.07,65.92,59.184,90.70,062
04:40:00,02,63.27,30.08,83.52,59.974000000000004,93.50,096
04:40:06,01,64.51,30.05,69.93,58.49600000000001,91.00,077
04:40:25,00,66.02,30.07,66.70,59.36,90.70,062
04:41:37,02,63.25,30.08,83.57,59.964,93.50,094
04:41:45,01,64.49,30.05,69.87,58.464,91.00,076
04:42:07,00,66.00,30.07,66.70,59.34,90.80,062
04:43:14,02,63.25,30.08,83.61,59.972,93.50,096
04:43:25,01,64.49,30.05,69.79,58.44799999999999,91.00,077
04:43:50,00,66.00,30.07,66.35,59.269999999999996,90.70,062
04:44:50,02,63.25,30.08,83.48,59.946,93.50,096
04:45:05,01,64.47,30.05,70.01,58.472,91.00,077
04:45:32,00,66.00,30.07,66.55,59.31,90.80,062
04:46:27,02,63.21,30.08,83.52,59.914,93.40,096
04:46:44,01,64.47,30.05,69.69,58.408,91.00,077
04:47:14,00,66.00,30.07,66.73,59.346000000000004,90.80,062
04:48:04,02,63.18,30.09,83.61,59.902,93.40,096
04:48:24,01,64.47,30.05,70.09,58.488,91.00,077
04:48:56,00,66.02,30.07,66.59,59.337999999999994,90.80,062
04:49:41,02,63.12,30.08,83.57,59.833999999999996,93.50,096
04:50:04,01,64.45,30.05,70.16,58.482,91.00,077
04:50:39,00,66.00,30.07,66.85,59.37,90.70,062
04:51:17,02,63.07,30.08,83.68,59.806000000000004,93.50,096
04:51:43,01,64.44,30.05,70.17,58.474,91.00,077
04:52:21,00,66.00,30.08,66.26,59.252,90.80,061
04:52:54,02,63.00,30.08,83.64,59.728,93.40,096
04:53:23,01,64.44,30.05,70.09,58.458,91.00,077
04:54:03,00,65.98,30.08,66.76,59.33200000000001,90.70,061
04:54:31,02,62.96,30.10,83.78,59.716,93.40,096
04:55:03,01,64.44,30.05,69.92,58.424,91.00,076
04:55:45,00,65.98,30.08,66.41,59.262,90.80,061
04:56:08,02,62.92,30.09,83.76,59.672000000000004,93.50,096
04:56:42,01,64.40,30.05,70.14,58.428000000000004,91.00,076
04:57:28,00,65.98,30.08,66.96,59.372,90.70,061
04:57:44,02,62.89,30.09,83.71,59.632,93.50,096
04:58:22,01,64.40,30.05,69.59,58.318000000000005,91.00,077
04:59:10,00,65.98,30.08,65.82,59.144000000000005,90.80,062
04:59:21,02,62.82,30.09,83.86,59.592,93.40,096
05:00:02,01,64.40,30.05,69.57,58.31400000000001,91.00,077
05:00:52,00,65.97,30.08,67.06,59.382,90.70,062
05:00:58,02,62.78,30.09,83.94,59.568,93.40,096
05:01:41,01,64.38,30.05,69.57,58.294,91.00,078
05:02:34,00,65.97,30.08,66.92,59.354,90.70,062
05:02:35,02,62.74,30.09,84.06,59.552,93.40,096
05:03:21,01,64.38,30.05,69.55,58.28999999999999,91.00,077
05:04:12,02,62.69,30.09,84.09,59.507999999999996,93.40,096
05:04:16,00,65.97,30.08,66.77,59.324,90.70,062
05:05:01,01,64.36,30.06,69.83,58.326,91.00,077
05:05:48,02,62.67,30.09,84.05,59.480000000000004,93.40,096
05:05:59,00,65.97,30.08,67.44,59.458,90.70,062
05:06:40,01,64.35,30.06,69.73,58.29599999999999,91.00,076
05:07:25,02,62.64,30.09,84.05,59.45,93.40,095
05:07:41,00,65.95,30.08,67.05,59.36,90.70,062
05:08:20,01,64.33,30.06,69.60,58.25,91.00,077
05:09:02,02,62.58,30.09,84.19,59.418,93.40,094
05:09:23,00,65.93,30.08,66.68,59.266000000000005,90.70,062
05:10:00,01,64.33,30.06,69.46,58.221999999999994,91.00,078
05:10:39,02,62.55,30.09,84.41,59.431999999999995,93.40,096
05:11:05,00,65.93,30.08,66.97,59.324000000000005,90.70,062
05:11:39,01,64.31,30.06,69.65,58.24,91.00,076
05:12:15,02,62.53,30.09,84.40,59.410000000000004,93.40,096
05:12:48,00,65.93,30.08,66.80,59.290000000000006,90.70,062
05:13:19,01,64.31,30.06,69.04,58.118,91.00,077
05:13:52,02,62.47,30.10,84.36,59.342,93.40,096
05:14:30,00,65.93,30.08,66.22,59.17400000000001,90.70,061
05:14:59,01,64.29,30.06,68.99,58.08800000000001,91.00,077
05:15:29,02,62.40,30.10,84.40,59.28,93.40,095
05:16:12,00,65.93,30.09,66.16,59.162000000000006,90.70,062
05:16:38,01,64.27,30.06,68.94,58.05799999999999,91.00,077
05:17:06,02,62.33,30.10,84.50,59.23,93.40,096
05:17:54,00,65.93,30.09,66.24,59.178000000000004,90.70,061
05:18:18,01,64.29,30.06,68.56,58.00200000000001,91.00,077
05:18:42,02,62.26,30.10,84.63,59.186,93.50,097
05:19:37,00,65.91,30.08,65.86,59.081999999999994,90.80,061
05:19:58,01,64.27,30.06,69.11,58.092,91.00,077
05:20:19,02,62.17,30.10,84.75,59.120000000000005,93.40,096
05:21:19,00,65.89,30.08,65.62,59.014,90.80,061
05:21:37,01,64.27,30.06,68.76,58.022,91.00,077
05:21:56,02,62.11,30.09,84.79,59.068,93.40,096
05:23:01,00,65.89,30.08,65.71,59.032,90.70,061
05:23:17,01,64.24,30.06,68.83,58.00599999999999,91.00,076
05:23:33,02,62.04,30.10,84.97,59.034,93.40,097
05:24:43,00,65.88,30.09,65.57,58.99399999999999,90.70,062
05:24:57,01,64.24,30.06,68.76,57.992,91.00,076
05:25:09,02,62.01,30.09,85.06,59.022,93.40,096
05:26:25,00,65.86,30.08,65.50,58.96,90.80,061
05:26:36,01,64.24,30.06,68.56,57.952,91.00,077
05:26:46,02,61.95,30.09,85.03,58.956,93.40,096
05:28:08,00,65.86,30.08,65.52,58.964,90.70,061
05:28:16,01,64.22,30.06,68.48,57.916,91.10,077
05:28:23,02,61.90,30.09,85.09,58.918,93.40,096
05:29:50,00,65.84,30.08,65.71,58.982,90.70,061
05:30:00,01,64.20,30.06,68.98,57.996,91.00,077
05:30:10,02,61.86,30.09,85.20,58.9,93.40,096
05:31:32,00,65.84,30.08,65.54,58.94800000000001,90.70,061
05:31:42,01,64.20,30.06,68.52,57.904,91.00,076
05:31:52,02,61.79,30.09,85.33,58.856,93.40,096
05:33:13,02,61.74,30.09,85.43,58.826,93.40,095
05:33:23,00,65.82,30.08,65.48,58.916,90.70,061
05:33:33,01,64.18,30.06,68.28,57.836000000000006,91.00,077
05:34:50,02,61.72,30.09,85.69,58.858,93.50,097
05:35:00,01,64.17,30.06,68.65,57.900000000000006,90.90,077
05:35:10,00,65.80,30.08,65.33,58.866,90.70,061
05:36:26,02,61.66,30.09,85.83,58.82599999999999,93.40,096
05:36:37,01,64.17,30.06,68.42,57.854,91.00,077
05:36:47,00,65.79,30.08,65.31,58.852000000000004,90.70,061
05:38:03,02,61.63,30.09,85.96,58.822,93.40,096
05:38:14,01,64.13,30.06,68.12,57.754,91.00,077
05:38:21,00,65.79,30.08,65.37,58.864000000000004,90.70,062
05:39:40,02,61.61,30.10,86.05,58.82,93.40,096
05:39:54,01,64.13,30.06,68.87,57.903999999999996,91.00,077
05:40:04,00,65.77,30.08,65.60,58.88999999999999,90.70,061
05:41:17,02,61.61,30.09,86.15,58.84,93.50,096
05:41:33,01,64.11,30.06,69.09,57.928,91.00,077
05:41:46,00,65.75,30.08,65.66,58.882,90.80,062
05:42:53,02,61.57,30.10,86.19,58.808,93.50,095
05:43:13,01,64.09,30.06,68.76,57.842000000000006,91.00,077
05:43:28,00,65.73,30.08,65.51,58.83200000000001,90.70,062
05:44:30,02,61.54,30.10,86.28,58.796,93.40,096
05:44:53,01,64.08,30.06,69.34,57.948,91.00,077
05:45:10,00,65.71,30.09,65.00,58.709999999999994,90.70,061
05:46:07,02,61.54,30.09,86.35,58.809999999999995,93.40,095
05:46:32,01,64.04,30.06,69.05,57.85000000000001,91.00,078
05:46:52,00,65.71,30.09,65.81,58.87199999999999,90.70,061
05:47:44,02,61.52,30.10,86.38,58.796,93.50,096
05:48:12,01,64.02,30.06,68.93,57.806,91.00,077
05:48:34,00,65.70,30.09,65.69,58.838,90.70,062
05:49:20,02,61.52,30.09,86.57,58.834,93.40,096
05:49:52,01,64.00,30.07,69.50,57.9,91.00,077
05:50:17,00,65.70,30.09,65.51,58.80200000000001,90.70,061
05:50:57,02,61.52,30.10,86.69,58.858000000000004,93.50,096
05:51:31,01,63.97,30.06,69.19,57.808,91.00,077
05:51:59,00,65.68,30.09,65.61,58.80200000000001,90.70,062
05:52:34,02,61.56,30.10,86.66,58.892,93.50,096
05:53:11,01,63.97,30.07,69.21,57.812,91.00,077
05:53:41,00,65.66,30.09,65.33,58.726,90.70,061
05:54:11,02,61.57,30.10,86.77,58.924,93.50,096
05:54:51,01,63.93,30.07,69.75,57.88,91.00,078
05:55:23,00,65.66,30.09,65.29,58.717999999999996,90.70,061
05:55:47,02,61.61,30.10,86.70,58.95,93.40,096
05:56:30,01,63.91,30.07,69.81,57.872,91.00,077
05:57:06,00,65.66,30.09,65.50,58.76,90.70,062
05:57:24,02,61.63,30.10,86.64,58.958000000000006,93.40,095
05:58:10,01,63.91,30.07,69.51,57.812,91.00,078
05:58:48,00,65.66,30.09,65.51,58.762,90.70,062
05:59:01,02,61.65,30.10,86.59,58.967999999999996,93.40,095
05:59:50,01,63.90,30.06,69.57,57.814,91.00,077
06:00:30,00,65.66,30.09,65.42,58.744,90.70,061
06:00:40,02,61.66,30.10,86.64,58.988,93.40,096
06:01:29,01,63.88,30.07,69.53,57.786,91.10,077
06:02:12,00,65.64,30.09,65.14,58.668,90.70,062
06:02:14,02,61.66,30.10,86.57,58.974,93.40,096
06:03:09,01,63.88,30.07,69.90,57.86000000000001,91.00,078
06:03:51,02,61.65,30.10,86.47,58.943999999999996,93.50,097
06:04:01,00,65.62,30.09,65.05,58.63,90.70,061
06:04:49,01,63.84,30.07,70.02,57.844,91.00,078
06:05:28,02,61.66,30.10,86.44,58.94799999999999,93.40,097
06:05:38,00,65.62,30.09,65.06,58.632000000000005,90.70,062
06:06:28,01,63.84,30.07,70.27,57.894000000000005,91.00,078
06:07:04,02,61.65,30.10,86.48,58.946,93.40,097
06:07:19,00,65.64,30.09,65.08,58.656,90.70,062
06:08:08,01,63.81,30.07,70.00,57.81,91.00,078
06:08:41,02,61.63,30.10,86.61,58.952000000000005,93.40,097
06:09:01,00,65.64,30.09,65.18,58.676,90.70,062
06:09:48,01,63.79,30.07,70.63,57.916,91.00,077
06:10:18,02,61.65,30.10,86.57,58.964,93.50,096
06:10:43,00,65.62,30.09,65.08,58.636,90.70,062
06:11:27,01,63.77,30.07,70.17,57.804,91.00,077
06:11:55,02,61.65,30.10,86.64,58.978,93.40,096
06:12:26,00,65.62,30.09,65.10,58.64,90.80,062
06:13:07,01,63.75,30.07,70.47,57.844,91.00,077
06:13:31,02,61.66,30.10,86.65,58.989999999999995,93.40,096
06:14:08,00,65.62,30.09,65.10,58.64,90.70,060
06:14:47,01,63.73,30.07,70.44,57.818,91.00,077
06:15:08,02,61.66,30.10,86.64,58.988,93.40,096
06:15:50,00,65.62,30.09,64.98,58.61600000000001,90.70,061
06:16:26,01,63.72,30.07,70.42,57.804,91.00,077
06:16:45,02,61.66,30.10,86.71,59.001999999999995,93.50,096
06:17:32,00,65.62,30.09,65.08,58.636,90.70,061
06:18:06,01,63.72,30.07,70.53,57.826,91.00,077
06:18:21,02,61.70,30.10,86.75,59.050000000000004,93.40,096
06:19:14,00,65.64,30.09,64.98,58.636,90.70,061
06:19:45,01,63.70,30.07,70.81,57.862,90.90,077
06:19:58,02,61.74,30.10,86.70,59.080000000000005,93.40,096
06:20:57,00,65.64,30.09,65.18,58.676,90.70,061
06:21:25,01,63.70,30.07,70.99,57.898,91.00,077
06:21:35,02,61.75,30.10,86.65,59.08,93.40,097
06:22:39,00,65.64,30.09,65.05,58.65,90.70,062
06:23:05,01,63.66,30.07,71.00,57.86,91.00,077
06:23:12,02,61.77,30.10,86.62,59.094,93.40,096
06:24:21,00,65.64,30.09,65.00,58.64,90.70,062
06:24:44,01,63.64,30.07,71.11,57.862,91.00,078
06:24:48,02,61.83,30.11,86.62,59.153999999999996,93.50,095
06:26:03,00,65.64,30.10,64.92,58.624,90.70,061
06:26:24,01,63.64,30.07,71.17,57.874,91.00,078
06:26:25,02,61.86,30.11,86.53,59.166,93.40,096
06:27:46,00,65.64,30.09,65.13,58.666,90.70,062
06:28:02,02,61.90,30.11,86.48,59.196,93.40,095
06:28:04,01,63.63,30.07,71.28,57.886,91.00,077
06:29:28,00,65.64,30.10,65.24,58.688,90.70,061
06:29:38,02,61.92,30.11,86.36,59.192,93.40,096
06:29:43,01,63.63,30.07,71.24,57.878,91.00,077
06:31:10,00,65.66,30.10,65.21,58.702,90.70,061
06:31:15,02,61.92,30.11,86.25,59.17,93.40,096
06:31:23,01,63.63,30.07,71.27,57.884,91.00,078
06:32:52,02,61.93,30.11,86.14,59.158,93.40,096
06:32:53,00,65.66,30.10,65.14,58.687999999999995,90.70,062
06:33:03,01,63.61,30.08,71.15,57.84,90.90,077
06:34:29,02,61.93,30.11,86.15,59.160000000000004,93.40,096
06:34:34,00,65.66,30.10,65.17,58.693999999999996,90.70,062
06:34:42,01,63.61,30.07,71.09,57.828,91.00,077
06:36:05,02,61.92,30.11,86.11,59.142,93.40,094
06:36:17,00,65.70,30.10,65.49,58.798,90.70,062
06:36:22,01,63.61,30.08,71.20,57.85,91.00,078
06:37:42,02,61.92,30.11,86.07,59.134,93.40,095
06:37:59,00,65.71,30.10,65.29,58.767999999999994,90.70,061
06:38:02,01,63.59,30.07,71.32,57.854,91.00,077
06:39:19,02,61.92,30.11,85.93,59.106,93.40,095
06:39:41,00,65.71,30.10,65.56,58.821999999999996,90.70,062
06:39:42,01,63.59,30.07,71.18,57.82600000000001,91.00,077
06:40:56,02,61.90,30.11,85.91,59.082,93.40,095
06:41:21,01,63.59,30.08,71.33,57.856,90.90,076
06:41:23,00,65.71,30.10,65.62,58.833999999999996,90.70,062
06:42:32,02,61.88,30.11,85.95,59.07,93.40,096
06:43:01,01,63.59,30.08,71.37,57.864000000000004,91.00,078
06:43:06,00,65.71,30.10,65.81,58.87199999999999,90.70,062
06:44:09,02,61.86,30.11,85.93,59.046,93.40,096
06:44:40,01,63.57,30.08,71.31,57.832,90.90,076
06:44:48,00,65.73,30.10,65.67,58.864000000000004,90.70,062
06:45:46,02,61.86,30.11,85.94,59.048,93.40,096
06:46:20,01,63.55,30.08,71.30,57.809999999999995,90.90,077
06:46:30,00,65.75,30.10,65.53,58.856,90.70,062
06:47:23,02,61.84,30.11,85.94,59.028000000000006,93.50,096
06:48:00,01,63.55,30.08,71.28,57.806,90.90,077
06:48:12,00,65.77,30.10,65.23,58.815999999999995,90.70,063
06:48:59,02,61.83,30.11,85.91,59.012,93.40,096
06:49:39,01,63.55,30.08,71.30,57.809999999999995,91.00,077
06:49:54,00,65.79,30.10,65.36,58.86200000000001,90.70,062
06:50:36,02,61.83,30.11,85.90,59.01,93.40,096
06:51:19,01,63.55,30.08,71.29,57.808,90.90,077
06:51:37,00,65.82,30.10,65.72,58.96399999999999,90.70,062
06:52:13,02,61.83,30.11,85.96,59.022,93.40,096
06:52:59,01,63.54,30.08,71.27,57.794,90.90,077
06:53:19,00,65.89,30.10,65.50,58.99,90.70,062
06:53:49,02,61.83,30.11,85.86,59.001999999999995,93.40,096
06:54:38,01,63.54,30.08,71.34,57.808,90.90,077
06:55:01,00,65.93,30.10,65.78,59.086000000000006,90.70,062
06:55:26,02,61.84,30.11,85.84,59.008,93.40,095
06:56:18,01,63.54,30.08,71.35,57.809999999999995,90.90,077
06:56:43,00,65.95,30.10,65.75,59.1,90.70,062
06:57:03,02,61.83,30.11,85.80,58.989999999999995,93.40,096
06:57:57,01,63.54,30.08,71.30,57.8,91.00,077
06:58:26,00,66.00,30.10,65.70,59.14,90.70,062
06:58:40,02,61.83,30.11,85.81,58.992,93.40,096
06:59:37,01,63.54,30.08,71.29,57.798,90.90,077
07:00:08,00,66.06,30.10,65.85,59.230000000000004,90.70,061
07:00:16,02,61.83,30.11,85.76,58.982,93.40,095
07:01:17,01,63.54,30.08,71.15,57.77,91.00,077
07:01:50,00,66.09,30.10,65.62,59.214000000000006,90.70,062
07:01:53,02,61.81,30.11,85.74,58.958,93.40,096
07:02:56,01,63.52,30.08,71.21,57.762,91.00,077
07:03:30,02,61.81,30.11,85.77,58.964,93.50,095
07:03:32,00,66.13,30.10,65.63,59.25599999999999,90.70,062
07:04:36,01,63.52,30.08,71.27,57.774,91.00,077
07:05:07,02,61.83,30.12,85.74,58.977999999999994,93.50,095
07:05:15,00,66.18,30.10,65.87,59.354000000000006,90.70,062
07:06:16,01,63.50,30.08,71.17,57.734,90.90,077
07:06:43,02,61.83,30.12,85.72,58.974,93.40,095
07:06:57,00,66.22,30.10,65.87,59.394,90.70,062
07:07:55,01,63.50,30.08,71.26,57.752,91.00,077
07:08:20,02,61.84,30.12,85.63,58.966,93.40,096
07:08:39,00,66.27,30.10,65.77,59.42399999999999,90.70,062
07:09:35,01,63.50,30.08,71.23,57.746,91.00,078
07:09:57,02,61.84,30.12,85.61,58.962,93.40,095
07:10:21,00,66.33,30.11,65.84,59.498,90.70,062
07:11:15,01,63.50,30.08,71.19,57.738,91.00,077
07:11:33,02,61.88,30.11,85.61,59.002,93.40,096
07:12:03,00,66.42,30.10,65.90,59.6,90.70,063
07:12:54,01,63.52,30.08,71.09,57.73800000000001,91.00,077
07:13:10,02,61.90,30.12,85.42,58.984,93.40,095
07:13:46,00,66.45,30.10,65.92,59.634,90.70,063
07:14:34,01,63.52,30.08,71.08,57.736000000000004,90.90,077
07:14:47,02,61.92,30.12,85.39,58.998000000000005,93.40,095
07:15:28,00,66.51,30.10,65.84,59.678000000000004,90.70,062
07:16:14,01,63.52,30.08,71.23,57.766000000000005,90.90,078
07:16:24,02,61.92,30.11,85.32,58.984,93.40,094
07:17:10,00,66.58,30.10,65.79,59.738,90.70,062
07:17:53,01,63.52,30.08,70.95,57.71,90.90,077
07:18:00,02,61.93,30.12,85.29,58.988,93.40,095
07:18:52,00,66.61,30.10,65.75,59.76,90.70,062
07:19:33,01,63.52,30.08,71.05,57.730000000000004,90.90,078
07:19:37,02,61.93,30.12,85.33,58.996,93.40,096
07:20:35,00,66.69,30.10,65.85,59.86,90.70,061
07:21:13,01,63.52,30.08,71.06,57.732000000000006,91.00,078
07:21:14,02,61.95,30.12,85.22,58.994,93.40,095
07:22:17,00,66.76,30.10,65.77,59.914,90.70,062
07:22:51,02,61.95,30.11,85.12,58.974000000000004,93.40,094
07:22:52,01,63.52,30.08,71.24,57.768,91.00,079
07:23:59,00,66.81,30.11,65.84,59.978,90.70,062
07:24:27,02,61.92,30.12,85.05,58.93,93.40,094
07:24:32,01,63.54,30.09,70.83,57.705999999999996,90.90,086
07:25:41,00,66.83,30.11,65.76,59.982,90.70,061
07:26:04,02,61.90,30.12,85.16,58.931999999999995,93.40,096
07:26:11,01,63.55,30.08,70.73,57.696,91.00,087
07:27:24,00,66.87,30.11,65.85,60.040000000000006,90.70,061
07:27:41,02,61.88,30.12,85.16,58.912,93.40,095
07:27:51,01,63.55,30.08,70.84,57.717999999999996,90.90,082
07:29:06,00,66.88,30.11,65.88,60.056,90.70,062
07:29:17,02,61.86,30.12,85.13,58.885999999999996,93.40,096
07:29:31,01,63.57,30.09,70.79,57.728,90.90,083
07:30:48,00,66.92,30.11,65.97,60.114000000000004,90.70,063
07:30:54,02,61.83,30.12,85.22,58.873999999999995,93.40,097
07:31:10,01,63.59,30.09,70.90,57.77,90.90,082
07:32:30,00,66.99,30.11,65.95,60.17999999999999,90.70,062
07:32:32,02,61.83,30.12,85.27,58.884,93.40,096
07:32:50,01,63.59,30.09,70.59,57.708000000000006,90.90,085
07:34:08,02,61.81,30.12,85.32,58.874,93.40,095
07:34:13,00,67.05,30.11,66.13,60.275999999999996,90.70,062
07:34:30,01,63.61,30.09,70.52,57.714,90.90,079
07:35:44,02,61.81,30.12,85.15,58.84,93.40,095
07:35:55,00,67.10,30.11,66.12,60.324,90.60,061
07:36:09,01,63.63,30.09,70.22,57.674,90.90,079
07:37:21,02,61.77,30.12,85.24,58.818000000000005,93.40,095
07:37:37,00,67.15,30.11,66.17,60.38400000000001,90.70,063
07:37:49,01,63.64,30.09,70.39,57.718,90.90,079
07:38:58,02,61.79,30.12,85.39,58.868,93.40,095
07:39:19,00,67.23,30.11,66.04,60.438,90.70,062
07:39:29,01,63.66,30.09,70.11,57.681999999999995,90.90,080
07:40:35,02,61.84,30.13,85.54,58.94800000000001,93.40,095
07:41:02,00,67.32,30.11,66.08,60.535999999999994,90.80,061
07:41:08,01,63.66,30.09,70.33,57.726,90.90,080
07:42:11,02,61.86,30.12,85.35,58.93,93.40,095
07:42:44,00,67.42,30.11,66.00,60.620000000000005,90.70,062
07:42:48,01,63.70,30.09,69.97,57.694,91.00,079
07:43:48,02,61.92,30.13,85.33,58.986000000000004,93.40,096
07:44:26,00,67.53,30.11,65.96,60.722,90.70,063
07:44:28,01,63.72,30.09,70.27,57.774,91.00,080
07:45:25,02,61.97,30.12,85.28,59.025999999999996,93.40,095
07:46:07,01,63.73,30.09,70.07,57.74399999999999,90.90,080
07:46:09,00,67.64,30.11,65.92,60.824,90.70,062
07:47:02,02,61.99,30.13,85.14,59.018,93.40,094
07:47:47,01,63.77,30.09,70.23,57.816,90.90,080
07:47:51,00,67.75,30.11,65.89,60.928,90.70,062
07:48:38,02,61.97,30.12,85.12,58.994,93.40,095
07:49:27,01,63.79,30.09,70.11,57.812,90.90,080
07:49:33,00,67.84,30.11,65.68,60.976000000000006,90.70,061
07:50:15,02,61.99,30.12,85.01,58.992000000000004,93.40,094
07:51:06,01,63.81,30.09,69.89,57.788000000000004,90.90,080
07:51:15,00,67.96,30.11,65.71,61.10199999999999,90.70,062
07:51:52,02,62.01,30.12,85.07,59.023999999999994,93.40,095
07:52:46,01,63.82,30.09,69.79,57.778,91.00,080
07:52:57,00,68.05,30.11,65.70,61.19,90.70,061
07:53:28,02,62.04,30.13,85.11,59.062,93.40,095
07:54:26,01,63.84,30.09,70.16,57.872,90.90,081
07:54:40,00,68.18,30.11,65.66,61.312000000000005,90.70,062
07:55:05,02,62.06,30.12,85.09,59.078,93.40,095
07:56:05,01,63.86,30.09,70.09,57.878,90.90,080
07:56:22,00,68.29,30.11,65.58,61.406000000000006,90.70,062
07:56:42,02,62.10,30.12,85.04,59.108000000000004,93.40,095
07:57:45,01,63.88,30.09,70.28,57.936,90.90,080
07:58:04,00,68.41,30.11,65.52,61.513999999999996,90.60,062
07:58:19,02,62.11,30.12,84.98,59.106,93.50,095
07:59:25,01,63.90,30.09,70.29,57.958,90.90,079
07:59:46,00,68.52,30.11,65.45,61.61,90.70,062
07:59:55,02,62.17,30.12,85.03,59.176,93.40,095
08:01:04,01,63.90,30.09,70.12,57.924,90.90,079
08:01:29,00,68.61,30.11,65.36,61.682,90.70,061
08:01:32,02,62.20,30.12,84.79,59.158,93.40,095
08:02:44,01,63.91,30.09,70.14,57.937999999999995,90.90,080
08:03:09,02,62.26,30.12,84.68,59.196,93.40,095
08:03:11,00,68.76,30.11,65.32,61.824000000000005,90.70,062
08:04:23,01,63.93,30.09,70.21,57.972,91.00,080
08:04:46,02,62.28,30.12,84.66,59.212,93.40,096
08:04:53,00,68.88,30.11,65.29,61.937999999999995,90.70,063
08:06:03,01,63.95,30.09,70.28,58.006,90.90,080
08:06:22,02,62.31,30.12,84.64,59.238,93.40,095
08:06:35,00,69.04,30.11,65.19,62.078,90.70,062
08:07:43,01,63.97,30.09,70.37,58.044,90.90,079
08:07:59,02,62.37,30.12,84.66,59.302,93.40,095
08:08:18,00,69.17,30.11,65.14,62.198,90.70,062
08:09:22,01,63.99,30.09,70.39,58.068000000000005,90.90,081
08:09:36,02,62.47,30.12,84.45,59.36,93.40,095
08:10:00,00,69.35,30.11,65.06,62.361999999999995,90.70,062
08:11:02,01,64.00,30.09,70.46,58.092,90.90,079
08:11:13,02,62.58,30.12,84.19,59.418,93.40,094
08:11:42,00,69.49,30.11,65.02,62.49399999999999,90.70,061
08:12:42,01,64.00,30.09,70.48,58.096000000000004,91.00,080
08:12:49,02,62.69,30.12,84.13,59.516,93.50,096
08:13:25,00,69.64,30.11,64.84,62.608000000000004,90.70,062
08:14:21,01,64.02,30.09,70.71,58.16199999999999,90.90,079
08:14:26,02,62.74,30.12,83.80,59.5,93.40,095
08:15:07,00,69.76,30.11,64.75,62.71000000000001,90.70,061
08:16:01,01,64.04,30.09,70.59,58.15800000000001,91.00,079
08:16:03,02,62.82,30.12,83.77,59.574,93.40,094
08:16:49,00,69.91,30.11,64.73,62.855999999999995,90.70,061
08:17:40,02,62.89,30.12,83.86,59.662,93.40,096
08:17:41,01,64.06,30.09,70.71,58.202,91.00,079
08:18:31,00,70.05,30.11,64.64,62.977999999999994,90.70,062
08:19:16,02,62.89,30.12,83.67,59.624,93.40,095
08:19:20,01,64.08,30.09,70.69,58.217999999999996,91.00,079
08:20:14,00,70.18,30.11,64.65,63.11000000000001,90.70,061
08:20:53,02,62.91,30.12,83.57,59.623999999999995,93.40,096
08:21:00,01,64.08,30.09,70.75,58.23,91.00,079
08:21:56,00,70.27,30.11,64.53,63.175999999999995,90.70,062
08:22:30,02,62.85,30.12,83.44,59.538000000000004,93.40,095
08:22:40,01,64.09,30.09,70.51,58.19200000000001,90.90,079
08:23:38,00,70.32,30.11,64.48,63.215999999999994,90.70,062
08:24:07,02,62.74,30.12,83.50,59.440000000000005,93.40,095
08:24:19,01,64.11,30.09,70.37,58.184,91.00,080
08:25:21,00,70.39,30.11,64.39,63.268,90.70,062
08:25:43,02,62.65,30.12,83.84,59.418,93.40,095
08:25:59,01,64.13,30.09,70.45,58.22,91.00,079
08:27:03,00,70.48,30.11,64.36,63.352000000000004,90.70,062
08:27:20,02,62.62,30.12,84.02,59.424,93.40,095
08:27:39,01,64.15,30.09,70.44,58.23800000000001,90.90,079
08:28:45,00,70.57,30.11,64.39,63.44799999999999,90.70,062
08:28:57,02,62.60,30.12,84.43,59.486000000000004,93.40,096
08:29:18,01,64.15,30.09,70.47,58.24400000000001,90.90,079
08:30:28,00,70.70,30.11,64.32,63.564,90.70,062
08:30:34,02,62.67,30.12,84.36,59.542,93.40,095
08:30:58,01,64.17,30.09,70.63,58.296,91.00,080
08:32:10,00,70.77,30.11,64.20,63.61,90.70,062
08:32:11,02,62.69,30.12,84.02,59.494,93.40,095
08:32:38,01,64.17,30.09,70.38,58.246,90.90,079
08:33:47,02,62.65,30.12,84.12,59.474,93.40,096
08:33:52,00,70.83,30.11,64.18,63.666,90.70,062
08:34:17,01,64.20,30.09,70.26,58.252,90.90,079
08:35:24,02,62.65,30.12,84.12,59.474,93.40,095
08:35:35,00,70.90,30.11,64.06,63.712,90.70,062
08:35:57,01,64.22,30.09,70.16,58.251999999999995,90.90,079
08:37:01,02,62.73,30.12,84.42,59.614,93.40,095
08:37:17,00,70.99,30.11,64.05,63.8,90.70,062
08:37:37,01,64.22,30.09,70.24,58.268,90.90,079
08:38:37,02,62.87,30.12,84.01,59.672,93.30,096
08:38:59,00,71.11,30.11,64.13,63.936,90.70,062
08:39:16,01,64.24,30.09,70.48,58.336,90.90,079
08:40:14,02,62.98,30.12,83.78,59.736,93.40,095
08:40:42,00,71.22,30.11,63.93,64.006,90.70,062
08:40:56,01,64.27,30.09,70.52,58.373999999999995,90.90,080
08:41:51,02,63.09,30.13,83.70,59.830000000000005,93.40,095
08:42:24,00,71.35,30.11,63.75,64.1,90.70,062
08:42:36,01,64.29,30.09,70.41,58.37200000000001,90.90,079
08:43:28,02,63.10,30.12,83.15,59.730000000000004,93.40,095
08:44:06,00,71.44,30.11,63.71,64.182,90.70,062
08:44:15,01,64.31,30.09,70.34,58.378,90.90,082
08:45:04,02,63.03,30.12,82.91,59.612,93.40,096
08:45:49,00,71.56,30.11,63.53,64.266,90.70,062
08:45:55,01,64.31,30.09,70.08,58.326,90.90,079
08:46:41,02,62.94,30.12,82.96,59.532,93.40,096
08:47:31,00,71.65,30.11,63.47,64.34400000000001,90.70,062
08:47:35,01,64.35,30.09,69.93,58.336,90.90,079
08:48:18,02,62.85,30.13,82.98,59.446000000000005,93.40,096
08:49:13,00,71.74,30.11,63.42,64.42399999999999,90.70,062
08:49:14,01,64.38,30.09,69.74,58.327999999999996,90.90,080
08:49:55,02,62.78,30.12,82.85,59.35,93.30,096
08:50:54,01,64.42,30.09,69.60,58.34,90.90,079
08:50:56,00,71.83,30.11,63.35,64.5,90.70,062
08:51:31,02,62.69,30.12,83.03,59.296,93.30,095
08:52:34,01,64.44,30.09,69.54,58.348,90.90,079
08:52:38,00,71.92,30.11,63.63,64.646,90.70,062
08:53:08,02,62.73,30.12,83.03,59.336,93.40,094
08:54:13,01,64.47,30.09,69.43,58.356,91.00,080
08:54:20,00,72.07,30.11,63.43,64.756,90.70,061
08:55:53,01,64.51,30.09,69.25,58.36000000000001,90.90,080
08:56:03,00,72.19,30.11,63.28,64.846,90.70,062
08:56:22,02,62.74,30.12,82.92,59.324000000000005,93.40,095
08:57:33,01,64.54,30.09,69.40,58.42000000000001,90.90,079
08:57:45,00,72.28,30.11,63.29,64.938,90.70,062
08:57:58,02,62.71,30.13,82.85,59.28,93.30,095
08:59:12,01,64.58,30.09,69.22,58.424,90.90,079
08:59:27,00,72.36,30.11,63.22,65.004,90.70,062
08:59:35,02,62.65,30.13,82.96,59.242,93.40,096
09:00:52,01,64.60,30.09,69.15,58.42999999999999,90.90,079
09:01:10,00,72.43,30.11,63.20,65.07000000000001,90.70,061
09:01:12,02,62.58,30.12,83.06,59.192,93.40,095
09:02:32,01,64.62,30.09,69.01,58.422000000000004,90.90,079
09:02:49,02,62.55,30.13,83.26,59.202,93.40,094
09:02:52,00,72.46,30.11,63.16,65.092,90.70,062
09:04:11,01,64.63,30.09,68.99,58.428,91.00,080
09:04:25,02,62.51,30.12,83.30,59.169999999999995,93.30,096
09:04:34,00,72.48,30.11,62.97,65.074,90.70,062
09:05:51,01,64.65,30.09,69.00,58.45,90.90,079
09:06:02,02,62.49,30.13,83.58,59.206,93.40,095
09:06:17,00,72.54,30.11,63.00,65.14,90.70,063
09:07:31,01,64.65,30.09,69.02,58.45400000000001,90.90,079
09:07:39,02,62.49,30.13,83.62,59.214000000000006,93.40,095
09:07:59,00,72.55,30.11,62.95,65.14,90.70,062
09:09:10,01,64.65,30.09,68.95,58.440000000000005,90.90,079
09:09:16,02,62.49,30.13,83.73,59.236000000000004,93.40,094
09:09:41,00,72.59,30.11,63.16,65.22200000000001,90.70,062
09:10:50,01,64.65,30.09,69.10,58.470000000000006,91.00,079
09:10:52,02,62.49,30.12,83.74,59.238,93.40,094
09:11:24,00,72.63,30.11,63.11,65.252,90.70,062
09:12:29,02,62.53,30.13,83.79,59.288000000000004,93.40,095
09:12:30,01,64.63,30.09,69.25,58.48,90.90,079
09:13:06,00,72.68,30.11,63.20,65.32000000000001,90.70,062
09:14:06,02,62.58,30.13,83.97,59.373999999999995,93.30,095
09:14:09,01,64.62,30.09,69.17,58.45400000000001,91.00,080
09:14:49,00,72.81,30.11,62.95,65.4,90.70,062
09:15:43,02,62.69,30.12,83.92,59.474,93.30,096
09:15:49,01,64.63,30.09,69.40,58.51,90.90,079
09:16:31,00,72.93,30.11,62.65,65.46000000000001,90.70,061
09:17:19,02,62.80,30.13,83.71,59.541999999999994,93.40,096
09:17:29,01,64.62,30.09,69.60,58.540000000000006,91.00,080
09:18:13,00,73.04,30.11,62.50,65.54,90.70,063
09:18:56,02,62.89,30.12,83.36,59.562,93.40,095
09:19:08,01,64.62,30.09,69.59,58.538000000000004,90.90,080
09:19:56,00,73.17,30.11,62.35,65.64,90.70,062
09:20:33,02,62.94,30.12,83.11,59.562,93.40,095
09:20:48,01,64.63,30.09,69.78,58.586,90.90,079
09:21:38,00,73.27,30.11,62.24,65.71799999999999,90.70,062
09:22:10,02,62.96,30.13,83.10,59.58,93.30,095
09:22:28,01,64.63,30.09,69.68,58.565999999999995,90.90,080
09:23:20,00,73.42,30.11,62.16,65.852,90.70,061
09:23:46,02,63.00,30.13,83.03,59.606,93.40,094
09:24:07,01,64.65,30.09,69.57,58.56400000000001,90.90,080
09:25:03,00,73.54,30.11,62.07,65.95400000000001,90.70,061
09:25:23,02,63.05,30.12,82.94,59.638,93.40,096
09:25:47,01,64.65,30.09,69.52,58.554,90.90,081
09:26:45,00,73.67,30.11,61.91,66.052,90.70,062
09:27:00,02,63.07,30.13,82.95,59.660000000000004,93.30,095
09:27:27,01,64.67,30.09,69.67,58.604,90.90,079
09:28:28,00,73.78,30.11,61.81,66.142,90.70,062
09:28:37,02,63.05,30.13,82.82,59.614,93.40,095
09:29:07,01,64.69,30.09,69.48,58.586,90.90,079
09:30:10,00,73.92,30.11,61.72,66.264,90.70,062
09:30:13,02,63.09,30.12,82.80,59.650000000000006,93.40,095
09:30:46,01,64.69,30.09,69.43,58.576,90.90,080
09:31:50,02,63.10,30.12,82.84,59.668,93.40,096
09:32:00,00,74.05,30.11,61.57,66.364,90.60,061
09:32:26,01,64.71,30.09,69.52,58.61399999999999,90.90,081
09:33:27,02,63.18,30.13,82.86,59.752,93.30,094
09:33:35,00,74.17,30.11,61.61,66.492,90.70,062
09:34:06,01,64.72,30.09,69.70,58.66,90.90,081
09:35:04,02,63.27,30.12,82.65,59.800000000000004,93.40,095
09:35:17,00,74.30,30.11,61.39,66.578,90.70,062
09:35:45,01,64.72,30.09,69.62,58.644,90.90,080
09:36:40,02,63.36,30.12,82.72,59.903999999999996,93.40,095
09:37:00,00,74.41,30.11,61.42,66.694,90.70,063
09:37:25,01,64.74,30.09,69.79,58.69799999999999,90.90,080
09:38:17,02,63.46,30.12,82.65,59.99,93.30,096
09:38:42,00,74.55,30.11,61.11,66.77199999999999,90.70,062
09:39:05,01,64.74,30.09,69.73,58.68599999999999,90.90,081
09:39:54,02,63.57,30.12,82.44,60.058,93.30,095
09:40:24,00,74.66,30.11,61.01,66.862,90.70,061
09:40:44,01,64.78,30.09,69.78,58.736000000000004,91.00,081
09:41:31,02,63.72,30.12,82.25,60.17,93.40,095
09:42:07,00,74.77,30.11,60.93,66.95599999999999,90.70,062
09:42:24,01,64.78,30.08,70.32,58.844,90.90,080
09:43:07,02,63.81,30.12,82.28,60.266000000000005,93.40,094
09:43:49,00,74.80,30.11,60.91,66.982,90.70,062
09:44:04,01,64.76,30.09,70.46,58.852000000000004,90.90,083
09:44:44,02,63.90,30.12,81.88,60.275999999999996,93.40,093
09:45:32,00,74.80,30.11,60.78,66.956,90.70,061
09:45:43,01,64.76,30.09,70.53,58.86600000000001,90.80,082
09:46:21,02,63.95,30.12,81.73,60.29600000000001,93.30,094
09:47:14,00,74.79,30.11,60.91,66.97200000000001,90.60,061
09:47:24,01,64.76,30.08,70.59,58.87800000000001,90.90,082
09:47:58,02,64.02,30.12,81.61,60.342,93.30,095
09:48:56,00,74.75,30.11,60.93,66.936,90.70,062
09:49:06,01,64.78,30.09,70.54,58.888000000000005,90.90,081
09:49:34,02,64.11,30.12,81.22,60.354,93.40,096
09:50:39,00,74.73,30.11,60.85,66.9,90.60,063
09:50:49,01,64.78,30.08,70.62,58.904,90.90,081
09:51:11,02,64.20,30.13,81.22,60.444,93.40,096
09:52:21,00,74.71,30.11,60.55,66.82,90.70,062
09:52:32,01,64.78,30.08,70.49,58.878,90.90,081
09:52:48,02,64.27,30.12,80.92,60.45399999999999,93.30,096
09:54:02,01,64.78,30.08,70.70,58.92,90.90,081
09:54:12,00,74.70,30.11,60.94,66.888,90.70,062
09:54:25,02,64.35,30.12,81.01,60.55199999999999,93.30,097
09:55:41,01,64.80,30.08,70.60,58.919999999999995,90.90,082
09:55:51,00,74.71,30.11,60.57,66.824,90.60,061
09:56:02,02,64.44,30.12,80.69,60.577999999999996,93.30,096
09:57:21,01,64.80,30.09,70.58,58.916,90.90,082
09:57:31,00,74.71,30.11,60.88,66.886,90.70,062
09:57:41,02,64.53,30.12,80.69,60.668,93.40,097
09:59:01,01,64.81,30.09,70.66,58.942,90.90,084
09:59:11,00,74.73,30.11,60.70,66.87,90.70,062
09:59:21,02,64.58,30.12,80.42,60.664,93.40,097
10:00:40,01,64.81,30.09,70.78,58.966,90.90,082
10:00:52,02,64.60,30.13,80.33,60.666,93.30,097
10:01:02,00,74.75,30.11,60.48,66.846,90.70,062
10:02:20,01,64.83,30.09,70.69,58.967999999999996,90.90,085
10:02:30,02,64.63,30.13,80.31,60.69199999999999,93.40,095
10:02:36,00,74.80,30.11,60.60,66.92,90.70,062
10:04:00,01,64.87,30.09,70.52,58.974000000000004,90.90,085
10:04:10,02,64.69,30.13,80.12,60.714,93.30,096
10:04:20,00,74.82,30.11,60.55,66.92999999999999,90.70,062
10:05:39,01,64.89,30.09,70.62,59.014,90.90,081
10:05:42,02,64.71,30.12,80.06,60.721999999999994,93.30,098
10:06:01,00,74.86,30.11,60.60,66.98,90.70,063
10:07:43,00,74.89,30.11,60.51,66.992,90.70,061
10:08:56,02,64.72,30.13,79.96,60.711999999999996,93.30,095
10:09:06,01,64.89,30.09,70.50,58.99,90.90,084
10:09:25,00,74.91,30.11,60.57,67.024,90.70,061
10:10:33,02,64.78,30.13,80.03,60.786,93.30,095
10:10:43,01,64.90,30.09,70.52,59.004000000000005,90.90,085
10:11:08,00,74.93,30.11,60.60,67.05000000000001,90.60,060
10:12:09,02,64.89,30.13,79.78,60.846000000000004,93.30,096
10:12:19,01,64.90,30.09,70.51,59.00200000000001,90.90,084
10:12:50,00,74.93,30.11,60.33,66.99600000000001,90.70,061
10:13:46,02,64.99,30.13,79.73,60.93599999999999,93.30,095
10:13:58,01,64.92,30.09,70.56,59.032000000000004,90.90,084
10:14:33,00,74.95,30.11,60.48,67.046,90.70,061
10:15:23,02,65.10,30.12,79.43,60.986,93.30,095
10:15:38,01,64.96,30.09,70.60,59.07999999999999,90.90,085
10:16:15,00,74.98,30.11,60.34,67.048,90.60,060
10:17:00,02,65.17,30.13,79.33,61.036,93.40,096
10:17:17,01,64.98,30.09,70.63,59.106,90.90,084
10:17:58,00,75.02,30.11,60.33,67.086,90.70,060
10:18:37,02,65.26,30.13,79.06,61.072,93.30,096
10:18:57,01,64.99,30.09,70.66,59.12199999999999,90.90,084
10:19:40,00,75.06,30.11,60.24,67.108,90.60,061
10:20:13,02,65.30,30.13,79.14,61.128,93.30,096
10:20:37,01,65.01,30.09,70.61,59.132000000000005,90.90,084
10:21:22,00,75.11,30.11,60.00,67.11,90.70,060
10:21:50,02,65.39,30.13,78.73,61.136,93.30,094
10:22:16,01,65.03,30.09,70.55,59.14,90.90,084
10:23:05,00,75.13,30.11,60.37,67.204,90.70,060
10:23:27,02,65.43,30.13,78.37,61.104000000000006,93.30,096
10:23:56,01,65.05,30.09,70.55,59.16,90.90,084
10:24:47,00,75.16,30.12,60.16,67.192,90.70,060
10:25:04,02,65.44,30.13,78.36,61.111999999999995,93.30,096
10:25:36,01,65.07,30.09,70.41,59.151999999999994,90.90,084
10:26:30,00,75.18,30.12,60.22,67.224,90.70,061
10:26:41,02,65.46,30.13,78.13,61.08599999999999,93.40,095
10:27:15,01,65.08,30.10,70.53,59.186,90.90,083
10:28:12,00,75.24,30.12,60.02,67.244,90.70,061
10:28:18,02,65.43,30.13,78.60,61.150000000000006,93.30,096
10:28:55,01,65.10,30.10,70.43,59.18599999999999,90.90,084
10:29:54,02,65.48,30.13,78.13,61.106,93.30,097
10:29:56,00,75.25,30.12,60.10,67.27,90.70,061
10:30:35,01,65.12,30.10,70.47,59.214000000000006,90.90,084
10:31:31,02,65.46,30.14,78.19,61.09799999999999,93.30,095
10:31:37,00,75.29,30.12,60.05,67.30000000000001,90.70,060
10:32:14,01,65.14,30.10,70.34,59.208,90.90,085
10:33:08,02,65.52,30.14,78.30,61.17999999999999,93.30,094
10:33:19,00,75.34,30.12,60.15,67.37,90.70,060
10:33:54,01,65.14,30.10,70.27,59.194,90.90,083
10:34:45,02,65.61,30.14,78.17,61.244,93.30,096
10:35:02,00,75.40,30.12,60.02,67.40400000000001,90.70,060
10:35:34,01,65.16,30.10,70.13,59.18599999999999,90.90,083
10:36:22,02,65.64,30.14,77.97,61.234,93.30,095
10:36:44,00,75.40,30.12,58.52,67.10400000000001,90.70,061
10:37:13,01,65.17,30.10,69.74,59.118,90.90,083
10:37:58,02,65.71,30.14,77.88,61.285999999999994,93.30,097
10:38:27,00,75.40,30.12,59.58,67.316,90.70,060
10:38:53,01,65.23,30.10,70.19,59.268,90.90,081
10:39:35,02,65.75,30.14,77.62,61.274,93.30,096
10:40:09,00,75.38,30.12,58.81,67.142,90.70,061
10:44:14,01,65.25,30.10,70.16,59.282,90.90,081
10:45:02,02,65.70,30.14,78.02,61.304,93.30,095
10:45:13,00,75.36,30.12,60.01,67.362,90.70,061
10:45:17,01,65.26,30.10,70.03,59.266000000000005,90.90,094
10:45:18,02,65.77,30.14,77.62,61.294,93.30,098
10:45:19,00,75.38,30.12,60.53,67.48599999999999,90.70,061
10:45:20,01,65.28,30.10,70.04,59.288000000000004,90.90,084
10:45:21,02,65.80,30.14,77.53,61.306,93.30,092
10:45:22,00,75.45,30.12,60.38,67.52600000000001,90.70,065
10:45:32,01,65.28,30.10,70.10,59.3,90.90,081
10:46:03,02,65.88,30.14,77.81,61.44199999999999,93.30,092
10:46:59,00,75.52,30.12,60.40,67.6,90.70,061
10:47:12,01,65.30,30.10,70.14,59.327999999999996,90.90,083
10:47:39,02,65.97,30.13,77.45,61.46,93.40,092
10:48:41,00,75.54,30.12,59.56,67.45200000000001,90.70,062
10:48:51,01,65.32,30.10,70.18,59.355999999999995,90.90,087
10:49:16,02,66.00,30.13,77.41,61.482,93.40,092
10:50:24,00,75.58,30.12,59.84,67.548,90.70,061
10:50:31,01,65.34,30.10,70.17,59.374,90.90,084
10:50:53,02,66.06,30.14,77.34,61.528000000000006,93.30,092
10:52:06,00,75.61,30.12,59.73,67.556,90.60,062
10:52:11,01,65.37,30.10,70.47,59.464000000000006,90.90,082
10:52:30,02,66.07,30.14,77.00,61.46999999999999,93.30,092
10:53:49,00,75.54,30.12,58.29,67.19800000000001,90.70,062
10:53:55,01,65.41,30.10,70.37,59.483999999999995,90.90,085
10:54:07,02,66.07,30.14,77.06,61.48199999999999,93.40,094
10:55:30,01,65.43,30.10,70.17,59.464000000000006,90.90,083
10:55:31,00,75.36,30.12,57.88,66.936,90.70,062
10:55:43,02,66.15,30.13,76.96,61.542,93.30,091
10:57:10,01,65.48,30.10,70.15,59.510000000000005,90.90,082
10:57:14,00,75.15,30.12,57.91,66.732,90.70,063
10:57:20,02,66.16,30.14,77.03,61.565999999999995,93.30,091
10:58:49,01,65.52,30.10,70.10,59.53999999999999,90.90,083
10:58:58,00,74.95,30.12,58.18,66.586,90.70,061
10:59:00,02,66.20,30.14,76.92,61.584,93.30,092
11:00:29,01,65.53,30.10,69.95,59.52,90.90,087
11:00:34,02,66.25,30.13,76.93,61.636,93.30,091
11:00:39,00,74.77,30.12,58.60,66.49,90.70,063
11:02:09,01,65.59,30.09,69.99,59.588,90.90,086
11:02:11,02,66.25,30.13,76.81,61.612,93.30,091
11:02:21,00,74.61,30.12,58.74,66.358,90.70,062
11:03:48,02,66.29,30.13,76.67,61.62400000000001,93.30,092
11:03:49,01,65.61,30.10,70.00,59.61,90.90,082
11:04:03,00,74.50,30.12,59.06,66.312,90.70,062
11:05:24,02,66.34,30.13,76.81,61.702000000000005,93.30,091
11:05:28,01,65.66,30.10,70.05,59.669999999999995,90.90,084
11:05:46,00,74.43,30.12,59.31,66.292,90.70,062
11:07:01,02,66.43,30.13,76.60,61.75000000000001,93.30,091
11:07:08,01,65.68,30.09,70.02,59.684000000000005,90.90,084
11:07:28,00,74.35,30.12,59.48,66.246,90.60,061
11:08:38,02,66.49,30.13,76.44,61.77799999999999,93.40,093
11:08:48,01,65.70,30.09,69.79,59.658,90.90,084
11:09:11,00,74.28,30.11,59.48,66.176,90.70,061
11:10:15,02,66.54,30.13,76.58,61.85600000000001,93.30,092
11:10:33,01,65.71,30.09,69.67,59.64399999999999,90.90,083
11:10:58,00,74.21,30.11,59.32,66.074,90.70,062
11:11:52,02,66.67,30.13,76.56,61.982,93.30,093
11:12:07,01,65.73,30.09,69.70,59.67,90.90,086
11:12:36,00,74.14,30.11,59.63,66.066,90.70,062
11:13:29,02,66.74,30.13,76.20,61.98,93.40,092
11:13:47,01,65.77,30.09,69.73,59.715999999999994,90.90,082
11:14:18,00,74.10,30.12,59.45,65.99,90.70,062
11:15:06,02,66.76,30.13,75.84,61.928000000000004,93.30,093
11:15:26,01,65.80,30.09,69.64,59.727999999999994,90.90,083
11:16:00,00,74.05,30.11,59.54,65.958,90.70,061
11:16:42,02,66.72,30.13,75.92,61.903999999999996,93.30,092
11:17:06,01,65.82,30.09,69.60,59.739999999999995,90.90,083
11:17:43,00,73.98,30.11,59.53,65.88600000000001,90.70,062
11:18:19,02,66.79,30.13,75.88,61.96600000000001,93.30,092
11:18:46,01,65.86,30.09,69.48,59.756,90.90,084
11:19:25,00,73.90,30.11,59.96,65.89200000000001,90.70,061
11:19:56,02,66.81,30.13,75.60,61.93,93.40,092
11:20:25,01,65.86,30.09,69.54,59.768,90.90,082
11:21:08,00,73.81,30.11,59.95,65.8,90.70,062
11:21:33,02,66.79,30.13,75.68,61.92600000000001,93.30,091
11:22:05,01,65.89,30.09,69.32,59.754,90.90,084
11:22:50,00,73.76,30.11,60.01,65.762,90.70,062
11:23:45,01,65.93,30.09,69.47,59.824000000000005,90.90,088
11:24:33,00,73.71,30.11,60.18,65.746,90.70,062
11:24:47,02,66.90,30.13,75.61,62.022000000000006,93.30,091
11:25:25,01,65.95,30.09,69.49,59.848,90.90,086
11:34:28,02,67.14,30.12,75.13,62.166,93.30,092
11:34:47,00,73.51,30.11,60.93,65.696,90.70,062
11:35:23,01,66.15,30.09,69.27,60.004000000000005,90.90,084
11:36:05,02,67.21,30.12,74.59,62.12799999999999,93.30,092
11:48:54,00,73.45,30.11,60.96,65.642,90.70,062
11:48:55,01,66.22,30.09,69.13,60.046,90.90,085
11:48:56,02,67.32,30.12,75.26,62.37199999999999,93.30,092
11:48:57,00,73.40,30.11,60.99,65.59800000000001,90.70,062
11:48:58,01,66.25,30.09,69.10,60.07,90.90,084
11:48:59,02,67.39,30.12,74.72,62.334,93.30,092
11:49:00,00,73.38,30.11,61.10,65.6,90.70,062
11:49:01,01,66.31,30.09,69.21,60.152,90.90,086
11:49:02,02,67.48,30.13,74.37,62.354000000000006,93.30,092
11:49:03,00,73.35,30.11,61.30,65.61,90.70,062
11:49:04,01,66.33,30.09,69.00,60.129999999999995,90.90,085
11:49:05,02,67.41,30.13,74.46,62.30199999999999,93.30,091
11:49:05,00,73.31,30.11,61.25,65.56,90.70,061
11:49:06,01,66.34,30.09,68.80,60.1,90.90,084
11:49:07,02,67.35,30.12,74.34,62.217999999999996,93.30,091
11:49:08,00,73.27,30.11,61.40,65.55,90.70,062
11:49:09,01,66.40,30.09,68.68,60.13600000000001,90.90,083
11:49:10,02,67.32,30.13,74.68,62.25599999999999,93.30,090
11:49:10,00,73.24,30.11,61.41,65.52199999999999,90.70,062
11:49:11,01,66.42,30.09,68.64,60.148,90.90,086
11:49:12,02,67.41,30.13,74.60,62.33,93.30,091
11:50:09,00,73.20,30.11,61.91,65.58200000000001,90.70,061
11:50:20,01,66.47,30.09,68.92,60.254,90.90,089
11:50:36,02,67.46,30.13,74.49,62.35799999999999,93.30,092
11:51:51,00,73.18,30.11,61.69,65.518,90.70,062
11:52:00,01,66.51,30.09,68.64,60.23800000000001,90.80,087
11:52:13,02,67.46,30.13,74.08,62.275999999999996,93.30,092
11:53:34,00,73.18,30.11,61.78,65.536,90.70,062
11:53:40,01,66.52,30.09,68.52,60.224,90.80,085
11:53:50,02,67.51,30.13,74.54,62.418000000000006,93.30,091
11:55:16,00,73.18,30.11,61.84,65.548,90.70,062
11:55:19,01,66.54,30.09,68.49,60.23800000000001,90.90,084
11:55:27,02,67.55,30.12,74.49,62.44799999999999,93.40,091
11:58:07,01,66.63,30.09,68.52,60.333999999999996,90.90,084
12:00:18,02,67.73,30.13,73.85,62.5,93.30,092
12:00:20,01,66.67,30.10,68.42,60.354,90.90,082
12:00:23,00,73.22,30.12,61.78,65.576,90.70,058
12:01:55,02,67.75,30.13,73.63,62.476,93.30,091
12:01:58,01,66.70,30.10,68.32,60.364000000000004,90.90,090
12:02:06,00,73.24,30.12,61.70,65.58,90.70,061
12:03:31,02,67.82,30.13,73.75,62.56999999999999,93.30,092
12:03:38,01,66.76,30.10,68.29,60.418000000000006,90.90,085
12:03:48,00,73.26,30.12,61.62,65.584,90.70,061
12:05:08,02,67.86,30.13,74.00,62.66,93.30,091
12:05:18,01,66.81,30.09,68.08,60.426,90.90,083
12:05:31,00,73.27,30.12,61.60,65.59,90.70,061
12:06:45,02,67.89,30.13,73.38,62.566,93.30,090
12:06:57,01,66.83,30.09,67.94,60.418,90.90,083
12:07:13,00,73.26,30.12,61.72,65.604,90.70,060
12:08:22,02,67.84,30.13,73.42,62.524,93.40,091
12:08:37,01,66.85,30.09,68.15,60.48,90.90,083
12:08:55,00,73.26,30.11,61.92,65.644,90.70,061
12:09:59,02,67.87,30.13,73.38,62.54600000000001,93.30,091
12:10:17,01,66.88,30.09,68.45,60.56999999999999,90.90,085
12:10:38,00,73.24,30.12,62.17,65.67399999999999,90.70,061
12:11:36,02,67.82,30.13,73.67,62.553999999999995,93.30,091
12:11:57,01,66.94,30.09,68.30,60.599999999999994,90.90,085
12:12:20,00,73.24,30.12,62.12,65.66399999999999,90.70,061
12:13:13,02,67.87,30.13,73.57,62.584,93.30,090
12:13:36,01,66.97,30.10,68.28,60.626,90.90,085
12:14:03,00,73.24,30.12,62.17,65.67399999999999,90.70,061
12:14:50,02,67.89,30.13,72.91,62.472,93.30,092
12:15:16,01,67.01,30.09,67.92,60.59400000000001,90.90,085
12:15:45,00,73.22,30.12,62.04,65.628,90.70,061
12:16:26,02,67.87,30.13,73.17,62.504000000000005,93.30,090
12:16:56,01,67.05,30.09,67.86,60.622,90.90,089
12:17:27,00,73.24,30.12,62.05,65.64999999999999,90.70,061
12:18:03,02,67.96,30.13,73.72,62.70399999999999,93.30,090
12:18:36,01,67.10,30.09,68.02,60.70399999999999,90.90,086
12:19:10,00,73.29,30.11,62.09,65.70800000000001,90.70,062
12:19:40,02,68.05,30.13,73.86,62.821999999999996,93.30,090
12:20:15,01,67.14,30.09,67.87,60.714,90.90,085
12:20:52,00,73.36,30.11,62.06,65.772,90.60,061
12:21:17,02,68.16,30.12,73.37,62.833999999999996,93.30,091
12:21:55,01,67.19,30.09,67.91,60.772,90.90,086
12:22:35,00,73.44,30.11,61.99,65.838,90.70,062
12:22:54,02,68.20,30.12,73.58,62.916000000000004,93.30,092
12:23:35,01,67.23,30.09,67.89,60.80800000000001,90.80,085
12:24:17,00,73.47,30.11,61.88,65.846,90.70,061
12:24:31,02,68.36,30.12,73.37,63.034,93.30,092
12:25:15,01,67.28,30.09,67.62,60.804,90.90,085
12:25:59,00,73.47,30.11,61.84,65.838,90.70,061
12:26:08,02,68.47,30.13,72.79,63.028,93.30,090
12:26:54,01,67.30,30.09,67.52,60.803999999999995,90.80,085
12:27:42,00,73.44,30.11,61.73,65.786,90.70,061
12:27:45,02,68.41,30.12,72.83,62.976,93.30,090
12:28:34,01,67.33,30.09,67.45,60.82,90.90,086
12:29:22,02,68.47,30.12,72.43,62.956,93.30,090
12:29:24,00,73.42,30.11,61.87,65.794,90.70,062
12:30:14,01,67.35,30.09,67.42,60.833999999999996,90.90,086
12:30:59,02,68.49,30.12,72.42,62.974,93.30,090
12:31:07,00,73.44,30.11,61.93,65.826,90.70,061
12:31:54,01,67.39,30.09,67.52,60.894,90.90,082
12:32:35,02,68.49,30.13,72.25,62.94,93.30,091
12:32:49,00,73.45,30.11,61.81,65.812,90.70,061
12:33:33,01,67.41,30.09,67.23,60.855999999999995,90.90,084
12:34:12,02,68.56,30.12,72.82,63.124,93.30,091
12:34:31,00,73.45,30.11,61.89,65.828,90.70,061
12:35:13,01,67.44,30.09,67.35,60.91,90.90,084
12:35:49,02,68.56,30.12,72.21,63.002,93.30,091
12:36:14,00,73.47,30.11,61.85,65.84,90.70,061
12:36:53,01,67.46,30.09,67.08,60.87599999999999,90.90,086
12:37:26,02,68.56,30.12,72.29,63.018,93.30,090
12:37:56,00,73.47,30.11,61.84,65.838,90.70,061
12:38:32,01,67.48,30.09,67.15,60.910000000000004,90.90,084
12:39:03,02,68.59,30.13,72.38,63.066,93.30,090
12:39:39,00,73.51,30.11,61.79,65.86800000000001,90.60,061
12:40:12,01,67.51,30.09,67.17,60.944,90.90,085
12:40:40,02,68.68,30.13,72.19,63.11800000000001,93.30,091
12:41:21,00,73.53,30.12,61.74,65.878,90.70,061
12:41:52,01,67.55,30.09,67.13,60.976,90.90,084
12:42:17,02,68.74,30.12,72.37,63.214,93.30,090
12:43:04,00,73.54,30.12,61.49,65.83800000000001,90.70,061
12:43:32,01,67.57,30.09,66.96,60.96199999999999,90.90,084
12:43:54,02,68.76,30.13,71.81,63.12200000000001,93.30,091
12:44:46,00,73.54,30.11,61.63,65.86600000000001,90.60,061
12:45:11,01,67.60,30.09,66.87,60.974,90.90,083
12:45:31,02,68.77,30.13,72.07,63.184,93.30,090
12:46:28,00,73.54,30.11,61.69,65.878,90.60,061
12:46:51,01,67.62,30.09,66.88,60.996,90.90,084
12:47:07,02,68.76,30.13,71.90,63.14000000000001,93.40,090
12:48:11,00,73.51,30.11,61.73,65.85600000000001,90.70,061
12:48:31,01,67.64,30.09,66.85,61.01,90.90,084
12:48:44,02,68.65,30.13,71.91,63.032000000000004,93.30,091
12:49:53,00,73.45,30.11,61.56,65.762,90.70,060
12:50:11,01,67.66,30.09,66.77,61.013999999999996,90.90,083
12:50:21,02,68.58,30.13,72.21,63.022,93.30,092
12:51:36,00,73.40,30.12,61.48,65.696,90.70,061
12:51:50,01,67.66,30.09,66.69,60.998,90.90,084
12:51:58,02,68.54,30.13,72.23,62.986000000000004,93.30,091
12:53:18,00,73.42,30.12,61.69,65.758,90.70,061
12:53:30,01,67.68,30.09,66.84,61.04800000000001,90.90,084
12:53:35,02,68.59,30.13,72.28,63.04600000000001,93.30,091
12:55:00,00,73.44,30.12,61.83,65.806,90.70,062
12:55:10,01,67.71,30.10,66.96,61.10199999999999,90.90,084
12:55:12,02,68.72,30.13,72.85,63.29,93.30,091
12:56:43,00,73.49,30.12,61.93,65.87599999999999,90.70,061
12:56:49,02,68.85,30.13,72.01,63.251999999999995,93.30,090
12:56:50,01,67.73,30.10,66.99,61.128,90.90,084
12:58:25,00,73.53,30.12,61.71,65.872,90.70,061
12:58:26,02,69.01,30.13,72.23,63.456,93.30,089
12:58:29,01,67.75,30.10,66.66,61.082,90.90,085
13:00:03,02,69.21,30.13,71.63,63.535999999999994,93.30,091
13:00:08,00,73.56,30.12,61.75,65.91,90.70,061
13:00:09,01,67.77,30.09,66.84,61.138,90.90,086
13:01:40,02,69.26,30.13,71.71,63.602000000000004,93.30,091
13:01:49,01,67.80,30.09,66.94,61.187999999999995,90.90,084
13:01:50,00,73.62,30.12,61.74,65.968,90.70,061
13:03:17,02,69.33,30.13,71.21,63.571999999999996,93.30,091
13:03:29,01,67.84,30.10,66.79,61.19800000000001,90.90,085
13:03:32,00,73.67,30.12,61.70,66.01,90.70,061
13:04:53,02,69.35,30.13,71.34,63.617999999999995,93.30,091
13:05:08,01,67.87,30.10,66.70,61.21000000000001,90.90,084
13:05:15,00,73.71,30.12,61.57,66.024,90.70,065
13:06:30,02,69.46,30.13,70.98,63.65599999999999,93.30,090
13:06:48,01,67.91,30.09,66.57,61.224,91.00,083
13:06:57,00,73.72,30.12,61.34,65.988,90.70,065
13:08:07,02,69.49,30.13,70.88,63.666,93.30,091
13:08:28,01,67.93,30.09,66.51,61.232000000000006,90.90,081
13:08:40,00,73.78,30.12,61.36,66.052,90.70,062
13:09:44,02,69.55,30.13,70.79,63.708,93.30,091
13:10:08,01,67.96,30.09,66.53,61.26599999999999,90.90,086
13:10:22,00,73.81,30.12,61.38,66.086,90.70,062
13:11:21,02,69.60,30.13,71.00,63.8,93.30,090
13:11:47,01,68.00,30.09,66.61,61.322,90.90,087
13:12:05,00,73.83,30.11,61.37,66.104,90.60,063
13:12:58,02,69.78,30.13,70.94,63.968,93.30,092
13:13:27,01,68.02,30.09,66.47,61.31399999999999,90.90,087
13:13:47,00,73.83,30.11,61.16,66.062,90.60,062
13:14:35,02,69.82,30.13,70.41,63.901999999999994,93.30,091
13:15:07,01,68.04,30.09,66.38,61.316,90.90,088
13:15:29,00,73.85,30.11,61.17,66.08399999999999,90.70,063
13:16:12,02,69.76,30.13,70.33,63.82600000000001,93.30,092
13:16:47,01,68.07,30.09,66.39,61.34799999999999,90.90,086
13:17:12,00,73.87,30.11,61.32,66.134,90.70,063
13:17:49,02,69.82,30.13,70.54,63.928,93.30,093
13:18:26,01,68.09,30.09,66.52,61.394000000000005,90.90,088
13:18:54,00,73.92,30.11,61.32,66.184,90.70,064
13:19:26,02,69.75,30.12,69.97,63.744,93.30,090
13:20:06,01,68.11,30.09,66.29,61.368,90.90,087
13:20:37,00,73.92,30.11,61.11,66.142,90.60,063
13:21:03,02,69.69,30.12,70.12,63.714,93.30,092
13:21:46,01,68.11,30.09,66.24,61.358,90.90,082
13:22:19,00,73.89,30.11,61.14,66.118,90.70,064
13:22:40,02,69.75,30.12,70.58,63.866,93.30,091
13:23:26,01,68.13,30.09,66.27,61.38399999999999,90.90,087
13:24:01,00,73.92,30.11,61.37,66.194,90.60,064
13:24:17,02,69.85,30.12,70.87,64.024,93.30,092
13:25:06,01,68.13,30.09,66.15,61.36,90.90,085
13:25:44,00,73.90,30.11,61.33,66.16600000000001,90.70,064
13:25:53,02,69.93,30.12,70.19,63.968,93.30,094
13:26:45,01,68.14,30.09,66.26,61.392,90.90,085
13:27:26,00,73.94,30.11,61.37,66.214,90.70,064
13:27:30,02,69.89,30.12,70.46,63.982,93.30,094
13:28:25,01,68.18,30.09,66.23,61.42600000000001,90.90,083
13:29:07,02,69.94,30.12,70.46,64.032,93.30,094
13:29:09,00,73.99,30.11,61.33,66.256,90.60,064
13:30:05,01,68.20,30.09,66.28,61.456,90.90,083
13:30:44,02,69.80,30.12,69.81,63.762,93.30,094
13:30:51,00,74.03,30.11,61.12,66.254,90.70,065
13:31:45,01,68.23,30.09,66.26,61.482000000000006,90.90,083
13:32:21,02,69.84,30.12,70.26,63.892,93.30,093
13:32:34,00,74.07,30.11,61.25,66.32,90.70,064
13:33:24,01,68.25,30.09,66.02,61.454,90.90,084
13:33:58,02,69.91,30.12,70.07,63.92399999999999,93.30,094
13:34:16,00,74.08,30.11,60.89,66.258,90.70,064
13:35:04,01,68.27,30.09,65.98,61.465999999999994,90.90,083
13:35:35,02,69.94,30.12,70.06,63.952,93.30,093
13:35:58,00,74.08,30.11,61.04,66.288,90.60,064
13:36:44,01,68.27,30.09,65.89,61.44799999999999,90.90,083
13:37:12,02,69.89,30.12,69.92,63.874,93.20,095
13:37:41,00,74.10,30.11,60.96,66.292,90.70,064
13:38:24,01,68.31,30.09,65.96,61.502,90.90,084
13:38:49,02,69.82,30.12,69.92,63.803999999999995,93.30,094
13:39:23,00,74.10,30.11,60.95,66.28999999999999,90.60,064
13:40:03,01,68.31,30.09,66.00,61.510000000000005,90.90,096
13:40:26,02,69.78,30.12,69.81,63.742000000000004,93.30,092
13:41:06,00,74.12,30.11,61.07,66.334,90.70,064
13:41:43,01,68.32,30.09,65.93,61.50599999999999,90.90,085
13:42:03,02,69.75,30.12,69.97,63.744,93.30,093
13:42:48,00,74.12,30.11,60.85,66.29,90.60,064
13:43:23,01,68.34,30.09,65.89,61.518,90.90,084
13:43:40,02,69.69,30.12,69.89,63.668,93.30,094
13:44:31,00,74.12,30.11,60.82,66.284,90.60,064
13:45:03,01,68.34,30.09,65.81,61.502,90.80,085
13:45:17,02,69.73,30.12,70.48,63.82600000000001,93.30,094
13:46:13,00,74.07,30.11,60.94,66.258,90.60,064
13:46:42,01,68.34,30.08,65.75,61.49,90.80,084
13:46:54,02,69.75,30.12,70.24,63.798,93.30,094
13:47:55,00,74.08,30.10,61.03,66.286,90.70,064
13:48:22,01,68.36,30.08,65.65,61.49,90.90,084
13:48:31,02,69.76,30.12,70.11,63.782000000000004,93.30,095
13:49:38,00,74.08,30.11,61.06,66.292,90.70,064
13:50:02,01,68.36,30.08,65.80,61.519999999999996,90.90,085
13:50:07,02,69.71,30.12,70.01,63.711999999999996,93.30,094
13:51:20,00,74.12,30.11,61.04,66.328,90.70,063
13:51:42,01,68.38,30.08,65.85,61.55,90.90,084
13:51:44,02,69.62,30.12,70.16,63.652,93.30,094
13:53:03,00,74.14,30.10,60.97,66.334,90.70,064
13:53:21,02,69.62,30.12,70.87,63.794000000000004,93.30,093
13:53:23,01,68.40,30.08,65.84,61.568000000000005,90.80,083
13:54:45,00,74.17,30.11,60.88,66.346,90.70,064
13:54:58,02,69.71,30.12,70.59,63.827999999999996,93.30,092
13:55:01,01,68.43,30.08,65.81,61.592000000000006,90.90,084
13:56:27,00,74.14,30.10,60.86,66.312,90.70,064
13:56:35,02,69.78,30.12,70.47,63.874,93.30,092
13:56:41,01,68.43,30.08,65.65,61.56000000000001,90.90,083
13:58:10,00,74.12,30.11,60.84,66.28800000000001,90.60,064
13:58:12,02,69.84,30.11,70.02,63.844,93.30,094
13:58:21,01,68.45,30.08,65.64,61.578,90.90,083
13:59:49,02,69.76,30.12,70.08,63.776,93.30,093
13:59:52,00,74.08,30.11,60.87,66.25399999999999,90.70,064
14:00:01,01,68.45,30.08,65.53,61.556000000000004,90.90,084
14:01:26,02,69.80,30.12,70.14,63.827999999999996,93.30,092
14:01:35,00,74.05,30.10,60.77,66.204,90.70,064
14:01:40,01,68.47,30.08,65.51,61.572,90.90,085
14:03:03,02,69.78,30.12,69.87,63.754000000000005,93.30,094
14:03:17,00,73.99,30.10,60.81,66.152,90.60,064
14:03:20,01,68.45,30.08,65.48,61.54600000000001,90.90,084
14:04:40,02,69.76,30.11,70.57,63.874,93.30,093
14:05:00,00,73.94,30.10,61.13,66.166,90.70,064
14:05:01,01,68.45,30.08,65.61,61.572,90.90,084
14:06:17,02,69.85,30.12,70.42,63.934,93.30,094
14:06:40,01,68.45,30.08,65.65,61.580000000000005,90.90,084
14:06:42,00,73.92,30.10,61.09,66.138,90.70,063
14:07:54,02,69.89,30.12,69.87,63.864000000000004,93.30,094
14:08:19,01,68.50,30.08,65.85,61.67,90.90,081
14:08:24,00,73.94,30.10,61.15,66.17,90.70,063
14:09:31,02,70.03,30.12,70.46,64.122,93.30,094
14:09:59,01,68.54,30.08,65.97,61.73400000000001,90.80,082
14:10:07,00,73.98,30.10,61.20,66.22,90.60,063
14:11:08,02,70.11,30.11,70.18,64.146,93.30,093
14:11:39,01,68.58,30.08,65.78,61.736,90.90,082
14:11:49,00,73.98,30.10,61.16,66.212,90.70,064
14:12:45,02,70.09,30.12,69.66,64.022,93.30,094
14:13:19,01,68.58,30.08,65.59,61.698,90.90,082
14:13:32,00,73.99,30.10,61.13,66.216,90.70,064
14:14:21,02,70.16,30.12,69.70,64.1,93.30,094
14:14:59,01,68.61,30.08,65.70,61.75,90.80,084
14:15:14,00,74.01,30.10,61.34,66.278,90.60,063
14:15:58,02,70.16,30.12,69.79,64.118,93.30,093
14:16:38,01,68.68,30.08,65.71,61.822,90.90,085
14:16:57,00,74.05,30.10,60.96,66.24199999999999,90.70,064
14:17:35,02,70.23,30.11,69.65,64.16000000000001,93.30,094
14:18:18,01,68.76,30.08,65.66,61.892,90.90,085
14:18:39,00,74.07,30.10,61.26,66.32199999999999,90.70,064
14:19:12,02,70.21,30.12,69.35,64.08,93.30,095
14:19:58,01,68.79,30.08,65.52,61.894000000000005,90.90,085
14:20:21,00,74.07,30.10,61.06,66.282,90.70,063
14:20:49,02,70.14,30.12,69.37,64.014,93.30,093
14:21:38,01,68.79,30.08,65.36,61.86200000000001,90.80,084
14:22:04,00,74.07,30.10,61.14,66.29799999999999,90.70,063
14:22:26,02,70.07,30.12,69.69,64.008,93.30,092
14:23:17,01,68.79,30.08,65.31,61.852000000000004,90.90,082
14:23:46,00,74.01,30.10,61.03,66.21600000000001,90.60,064
14:24:03,02,69.98,30.12,69.82,63.944,93.30,094
14:24:57,01,68.77,30.08,65.26,61.821999999999996,90.90,082
14:25:29,00,73.99,30.10,61.08,66.20599999999999,90.70,064
14:25:40,02,69.87,30.12,69.81,63.83200000000001,93.30,092
14:26:37,01,68.76,30.08,65.32,61.824000000000005,90.90,083
14:27:11,00,73.98,30.10,61.28,66.236,90.70,064
14:27:17,02,69.84,30.11,70.61,63.962,93.30,094
14:28:17,01,68.76,30.08,65.44,61.848000000000006,90.80,082
14:28:54,00,73.98,30.10,61.23,66.226,90.60,064
14:28:55,02,69.89,30.11,70.18,63.926,93.30,093
14:29:57,01,68.77,30.08,65.46,61.861999999999995,90.90,083
14:30:31,02,69.94,30.11,69.89,63.918,93.30,094
14:30:36,00,73.99,30.10,61.29,66.24799999999999,90.70,063
14:31:36,01,68.77,30.08,65.70,61.91,90.80,082
14:32:08,02,69.89,30.11,69.96,63.882,93.30,094
14:32:18,00,73.98,30.10,61.21,66.22200000000001,90.60,064
14:33:16,01,68.77,30.08,65.40,61.849999999999994,90.90,084
14:33:45,02,69.91,30.12,69.72,63.854,93.30,093
14:34:01,00,73.96,30.10,61.33,66.226,90.70,064
14:34:56,01,68.79,30.08,65.35,61.86000000000001,90.90,080
14:35:22,02,69.80,30.11,70.07,63.81399999999999,93.30,092
14:35:43,00,73.94,30.10,61.22,66.184,90.70,063
14:36:36,01,68.83,30.08,65.31,61.891999999999996,90.90,083
14:36:59,02,69.76,30.11,70.19,63.798,93.30,093
14:37:26,00,73.89,30.10,61.30,66.15,90.60,063
14:38:15,01,68.81,30.08,65.43,61.896,90.90,093
14:38:36,02,69.75,30.11,70.11,63.772,93.30,092
14:39:08,00,73.85,30.10,61.57,66.16399999999999,90.60,068
14:39:55,01,68.83,30.08,65.22,61.873999999999995,90.90,084
14:40:13,02,69.71,30.11,70.46,63.80199999999999,93.30,094
14:40:51,00,73.83,30.10,61.44,66.118,90.60,069
14:41:35,01,68.83,30.08,65.22,61.873999999999995,90.80,086
14:41:49,02,69.66,30.11,70.30,63.72,93.30,092
14:42:33,00,73.83,30.10,61.44,66.118,90.60,069
14:43:15,01,68.83,30.08,65.12,61.854,90.90,084
14:43:26,02,69.73,30.11,70.41,63.812000000000005,93.30,093
14:44:15,00,73.83,30.10,61.54,66.138,90.70,068
14:44:55,01,68.83,30.08,65.00,61.83,90.80,080
14:45:03,02,69.78,30.12,69.84,63.748000000000005,93.30,094
14:45:58,00,73.83,30.10,61.39,66.108,90.70,068
14:46:34,01,68.83,30.08,64.90,61.81,90.90,083
14:46:40,02,69.76,30.11,70.36,63.83200000000001,93.30,094
14:47:40,00,73.83,30.10,61.34,66.098,90.60,069
14:48:14,01,68.85,30.08,64.97,61.843999999999994,90.90,081
14:48:17,02,69.76,30.11,70.25,63.81,93.30,093
14:49:23,00,73.87,30.10,61.38,66.146,90.70,069
14:49:54,01,68.85,30.08,65.04,61.858,90.90,081
14:49:55,02,69.75,30.11,69.93,63.736000000000004,93.30,095
14:51:05,00,73.92,30.10,61.29,66.178,90.60,069
14:51:31,02,69.73,30.11,70.37,63.804,93.30,093
14:51:34,01,68.86,30.08,64.98,61.856,90.80,077
14:52:48,00,73.96,30.10,61.40,66.24,90.70,069
14:53:08,02,69.80,30.11,70.03,63.806,93.30,093
14:53:13,01,68.90,30.08,65.10,61.92,90.90,084
14:54:30,00,73.99,30.10,61.35,66.25999999999999,90.70,067
14:54:45,02,69.75,30.12,69.97,63.744,93.30,093
14:54:53,01,68.92,30.08,64.96,61.912,90.90,084
14:56:12,00,73.99,30.10,61.23,66.23599999999999,90.70,068
14:56:22,02,69.58,30.11,70.08,63.596,93.30,092
14:56:33,01,68.92,30.08,64.69,61.858000000000004,90.90,083
14:57:55,00,73.98,30.10,61.22,66.224,90.60,068
14:57:59,02,69.53,30.11,70.25,63.58,93.30,094
14:58:13,01,68.92,30.08,64.70,61.86,90.80,085
14:59:36,02,69.46,30.11,70.36,63.532,93.30,093
14:59:37,00,73.98,30.10,61.21,66.22200000000001,90.70,070
14:59:53,01,68.92,30.08,64.78,61.876000000000005,90.90,084
15:01:13,02,69.49,30.11,70.20,63.529999999999994,93.30,093
15:01:20,00,73.96,30.10,61.12,66.184,90.70,069
15:01:32,01,68.92,30.08,64.65,61.85,90.90,081
15:02:50,02,69.48,30.11,70.16,63.512,93.30,093
15:03:02,00,73.96,30.10,61.03,66.166,90.70,071
15:03:12,01,68.92,30.08,64.65,61.85,90.90,084
15:04:27,02,69.42,30.11,70.17,63.454,93.30,092
15:04:45,00,73.92,30.10,61.16,66.152,90.60,068
15:04:52,01,68.94,30.08,64.67,61.873999999999995,90.80,084
15:06:04,02,69.44,30.11,70.50,63.54,93.30,094
15:06:27,00,73.90,30.10,61.03,66.10600000000001,90.70,071
15:06:32,01,68.94,30.07,64.51,61.842,90.90,084
15:07:40,02,69.46,30.11,70.37,63.53399999999999,93.30,093
15:08:09,00,73.83,30.10,60.95,66.02,90.70,070
15:08:11,01,68.94,30.08,64.49,61.837999999999994,90.90,085
15:09:17,02,69.49,30.11,70.20,63.529999999999994,93.30,094
15:09:51,01,68.92,30.08,64.54,61.828,90.90,081
15:09:52,00,73.80,30.10,61.05,66.00999999999999,90.60,068
15:10:54,02,69.40,30.11,70.59,63.51800000000001,93.30,093
15:11:31,01,68.92,30.08,64.59,61.838,90.90,082
15:11:34,00,73.76,30.10,61.24,66.00800000000001,90.60,069
15:12:31,02,69.40,30.11,70.69,63.538000000000004,93.30,094
15:13:11,01,68.94,30.08,64.70,61.879999999999995,90.90,083
15:13:17,00,73.78,30.10,61.29,66.038,90.60,070
15:14:08,02,69.48,30.11,70.74,63.628,93.30,094
15:14:51,01,68.95,30.07,64.77,61.904,90.90,080
15:14:59,00,73.78,30.10,61.22,66.024,90.60,069
15:15:45,02,69.55,30.11,70.66,63.681999999999995,93.30,093
15:16:30,01,68.95,30.07,64.71,61.892,90.90,080
15:16:41,00,73.78,30.10,61.17,66.014,90.70,070
15:17:22,02,69.57,30.11,70.53,63.675999999999995,93.30,093
15:18:10,01,68.95,30.07,64.62,61.874,90.90,081
15:18:24,00,73.74,30.10,61.14,65.96799999999999,90.70,067
15:18:59,02,69.55,30.11,70.56,63.662,93.30,094
15:19:50,01,68.95,30.07,64.62,61.874,90.80,081
15:20:06,00,73.72,30.10,61.20,65.96,90.70,068
15:20:36,02,69.55,30.11,70.40,63.629999999999995,93.30,094
15:21:30,01,68.99,30.08,64.78,61.946,90.80,081
15:21:49,00,73.74,30.10,61.27,65.994,90.70,070
15:22:13,02,69.57,30.11,70.40,63.64999999999999,93.30,094
15:23:10,01,69.01,30.07,64.75,61.96000000000001,90.90,081
15:23:31,00,73.76,30.10,61.26,66.012,90.70,067
15:23:50,02,69.55,30.11,70.39,63.628,93.30,094
15:24:49,01,69.03,30.07,64.74,61.978,90.90,080
15:25:14,00,73.78,30.10,61.22,66.024,90.70,069
15:25:27,02,69.64,30.11,70.77,63.794,93.30,093
15:26:29,01,69.04,30.07,64.67,61.974000000000004,90.80,081
15:26:56,00,73.78,30.10,61.18,66.016,90.70,069
15:27:04,02,69.64,30.11,70.08,63.656,93.30,093
15:28:09,01,69.06,30.07,64.62,61.984,90.80,082
15:28:38,00,73.76,30.09,61.25,66.01,90.70,068
15:28:41,02,69.62,30.11,71.26,63.87200000000001,93.20,094
15:29:49,01,69.08,30.07,64.79,62.038,90.80,080
15:30:17,02,69.71,30.11,70.61,63.831999999999994,93.30,092
15:30:21,00,73.76,30.10,61.35,66.03,90.70,068
15:31:28,01,69.10,30.07,64.81,62.062,90.90,082
15:31:54,02,69.87,30.11,70.55,63.980000000000004,93.30,094
15:32:03,00,73.78,30.10,61.39,66.058,90.70,068
15:33:08,01,69.13,30.07,64.74,62.077999999999996,90.90,082
15:33:31,02,69.96,30.11,69.64,63.88799999999999,93.30,094
15:33:46,00,73.81,30.10,61.32,66.074,90.70,069
15:34:48,01,69.15,30.07,64.58,62.066,90.80,081
15:35:08,02,69.98,30.11,69.50,63.88,93.30,093
15:35:28,00,73.83,30.10,61.12,66.054,90.70,068
15:36:28,01,69.15,30.08,64.49,62.048,90.90,082
15:36:45,02,70.09,30.11,69.61,64.012,93.20,093
15:37:11,00,73.81,30.10,61.16,66.042,90.60,067
15:38:08,01,69.24,30.07,64.82,62.20399999999999,90.80,081
15:38:22,02,70.20,30.11,69.55,64.11,93.30,091
15:38:53,00,73.80,30.10,61.08,66.01599999999999,90.70,069
15:39:47,01,69.33,30.08,64.85,62.3,90.90,083
15:39:59,02,70.30,30.11,69.23,64.146,93.30,093
15:40:35,00,73.83,30.10,61.06,66.042,90.70,068
15:41:27,01,69.44,30.08,64.42,62.324,90.80,086
15:41:36,02,70.30,30.11,69.55,64.21,93.30,091
15:42:18,00,73.81,30.10,61.10,66.03,90.70,067
15:43:07,01,69.48,30.08,64.39,62.358000000000004,90.90,082
15:43:13,02,70.38,30.11,69.30,64.24,93.20,094
15:44:00,00,73.83,30.10,61.25,66.08,90.60,070
15:44:47,01,69.51,30.08,64.33,62.376000000000005,90.90,083
15:44:50,02,70.47,30.12,68.99,64.268,93.30,094
15:45:43,00,73.87,30.10,61.27,66.12400000000001,90.70,068
15:46:27,01,69.57,30.08,64.42,62.45399999999999,90.90,082
15:46:28,02,70.50,30.11,69.29,64.358,93.30,093
15:47:25,00,73.98,30.10,61.42,66.26400000000001,90.70,068
15:48:04,02,70.63,30.11,68.74,64.378,93.30,095
15:48:06,01,69.62,30.08,64.31,62.482000000000006,90.80,083
15:49:07,00,74.03,30.10,61.42,66.31400000000001,90.70,068
15:49:41,02,70.70,30.11,69.33,64.566,93.30,093
15:49:46,01,69.67,30.08,64.35,62.54,90.90,081
15:50:50,00,74.07,30.10,61.26,66.32199999999999,90.70,069
15:51:18,02,70.84,30.11,68.76,64.592,93.30,094
15:51:26,01,69.71,30.08,64.07,62.523999999999994,90.80,082
15:52:32,00,74.10,30.10,61.04,66.30799999999999,90.70,068
15:52:55,02,70.95,30.11,67.78,64.506,93.30,093
15:53:06,01,69.73,30.08,63.83,62.496,90.80,084
15:54:15,00,74.10,30.10,61.05,66.30999999999999,90.70,063
15:54:32,02,70.92,30.11,67.99,64.518,93.30,094
15:54:46,01,69.75,30.08,63.87,62.524,90.80,084
15:55:57,00,74.10,30.10,60.96,66.292,90.60,061
15:56:09,02,70.95,30.11,68.85,64.72,93.30,093
15:56:25,01,69.75,30.08,63.86,62.522,90.80,090
15:57:40,00,74.10,30.10,60.86,66.27199999999999,90.60,062
15:57:46,02,71.08,30.11,68.22,64.724,93.30,094
15:58:05,01,69.82,30.08,64.01,62.62199999999999,90.80,083
15:59:22,00,74.08,30.10,60.73,66.226,90.60,061
15:59:23,02,71.20,30.11,67.88,64.776,93.30,091
15:59:45,01,69.85,30.07,63.85,62.62,90.80,084
16:00:59,02,71.13,30.11,67.41,64.612,93.30,093
16:01:04,00,74.05,30.10,60.83,66.216,90.60,062
16:01:25,01,69.85,30.08,63.65,62.57999999999999,90.90,087
16:02:36,02,70.99,30.11,68.11,64.612,93.30,095
16:02:47,00,74.07,30.09,60.94,66.258,90.70,062
16:03:05,01,69.87,30.07,63.62,62.594,90.90,083
16:04:13,02,70.84,30.10,68.24,64.488,93.20,094
16:04:29,00,74.07,30.10,61.02,66.274,90.70,062
16:04:44,01,69.91,30.07,63.79,62.668,90.80,089
16:05:50,02,71.01,30.10,68.72,64.754,93.30,095
16:06:12,00,74.08,30.10,60.86,66.252,90.70,062
16:06:24,01,69.96,30.07,63.93,62.745999999999995,90.90,082
16:07:27,02,71.20,30.11,67.61,64.72200000000001,93.30,094
16:07:54,00,74.05,30.09,60.90,66.22999999999999,90.60,062
16:08:04,01,70.02,30.07,63.72,62.763999999999996,90.90,080
16:09:04,02,71.28,30.10,67.30,64.74,93.30,095
16:09:37,00,74.05,30.10,60.94,66.238,90.60,062
16:09:44,01,70.05,30.07,63.67,62.784,90.90,079
16:10:41,02,71.37,30.11,67.92,64.95400000000001,93.30,096
16:11:19,00,74.03,30.09,60.98,66.226,90.60,062
16:11:24,01,70.12,30.07,63.55,62.830000000000005,90.90,085
16:12:18,02,71.47,30.11,67.66,65.002,93.30,093
16:13:01,00,74.03,30.09,60.86,66.202,90.60,062
16:13:03,01,70.16,30.07,63.62,62.88399999999999,90.90,086
16:13:55,02,71.65,30.11,67.61,65.17200000000001,93.20,093
16:14:43,01,70.23,30.07,63.49,62.928000000000004,90.90,086
16:14:44,00,74.03,30.09,61.04,66.238,90.60,062
16:15:32,02,71.67,30.10,67.13,65.096,93.30,095
16:16:23,01,70.27,30.07,63.65,62.99999999999999,90.80,081
16:16:26,00,74.07,30.09,61.15,66.3,90.60,061
16:17:09,02,71.73,30.10,67.19,65.168,93.30,093
16:18:03,01,70.30,30.07,63.23,62.946,90.90,087
16:18:09,00,74.08,30.09,61.26,66.332,90.70,061
16:18:46,02,71.71,30.10,67.00,65.11,93.30,095
16:19:43,01,70.34,30.07,63.27,62.99400000000001,90.90,086
16:19:51,00,74.14,30.09,61.33,66.406,90.60,062
16:20:23,02,71.82,30.10,67.26,65.27199999999999,93.30,093
